,Open,High,Low,Close,Volume,Dividends,Stock Splits
,KHC,KHC,KHC,KHC,KHC,KHC,KHC
Date,,,,,,,
2015-07-06,53.55799725463093,56.03976993070906,53.55799725463093,55.0364990234375,3809700,0.0,0
2015-07-07,55.61734971511675,56.35659781787348,55.03650616495073,56.29624938964844,5794300,0.0,0
2015-07-08,56.04731974527093,56.952523108514775,55.85119023968247,56.87709045410156,4276600,0.0,0
2015-07-09,57.68421952193851,58.133805412021985,56.19817295387909,56.424476623535156,4267100,0.0,0
2015-07-10,56.613082403991896,58.687512387740334,56.575363193139054,58.3178825378418,4983000,0.0,0
2015-07-13,59.96984809249656,60.12071333281161,58.77045389311383,59.46444320678711,9078900,0.0,0
2015-07-14,59.93216309568454,59.96988230485182,58.574357892811605,58.838375091552734,18746100,0.0,0
2015-07-15,58.57434056341077,58.96659374904208,57.63141816462806,57.86526107788086,6330500,0.0,0
2015-07-16,58.06139313467438,59.47200142279977,58.04630315274237,59.40411376953125,5634100,0.0,0
2015-07-17,59.91707824816887,60.113207774561396,58.28016587768501,60.06794357299805,6100900,0.0,0
2015-07-20,60.30933014687838,61.25225279304686,59.69077312119759,60.43002700805664,10284500,0.0,0
2015-07-21,60.32442357767063,60.86000298066805,59.89445105666463,60.51300811767578,6088600,0.0,0
2015-07-22,60.97315020478051,61.025953641748465,59.27588947419807,59.32114791870117,5201200,0.0,0
2015-07-23,59.57182226602707,59.68577106031344,58.21964458954237,58.29560852050781,2975400,0.55,0
2015-07-24,58.43235498052513,58.819778622938536,57.69549256491277,58.04493713378906,3116000,0.0,0
2015-07-27,58.21204966516702,59.237583074573806,57.953771126518355,58.78178787231445,5774300,0.0,0
2015-07-28,59.58702889328073,59.746554914756594,58.87295506752238,59.49586868286133,1895900,0.0,0
2015-07-29,59.45028294482607,59.48066967727227,58.49312115763889,59.18440628051758,2278600,0.0,0
2015-07-30,59.412285274764415,60.53657095024149,58.94889784727137,60.17193603515625,3247000,0.0,0
2015-07-31,60.72649792826733,60.72649792826733,59.90986969130195,60.36946105957031,2685500,0.0,0
2015-08-03,60.77206204481246,61.55450141633134,60.70369625693627,61.05313491821289,2681800,0.0,0
2015-08-04,61.205082985072174,61.53173315835721,60.521395901954946,60.62774658203125,2429600,0.0,0
2015-08-05,60.77967424612846,61.53172706524753,60.65812731197593,61.13671112060547,4324300,0.0,0
2015-08-06,61.56970634588479,61.67605700578239,60.39984329133484,60.58975601196289,3708600,0.0,0
2015-08-07,60.11877001263075,60.301084600535205,58.71341704766785,59.60220718383789,3274100,0.0,0
2015-08-10,60.339073430259866,60.620146360004725,59.68577316866224,59.86808776855469,3252300,0.0,0
2015-08-11,58.971699951995156,61.136709751611996,58.54629728334072,59.229984283447266,3889100,0.0,0
2015-08-12,59.1236425713669,59.48827182953402,57.80184557239781,58.25764083862305,3688800,0.0,0
2015-08-13,58.500719227153475,58.546296427935765,57.581542305425465,57.72587203979492,2917500,0.0,0
2015-08-14,57.78664409441712,58.295608809654105,57.06269455662666,58.052520751953125,2572800,0.0,0
2015-08-17,57.6271316232074,58.044942037151536,57.36125490327832,57.5815544128418,2260300,0.0,0
2015-08-18,57.52077050681592,57.697770475306704,57.01939810098094,57.11815643310547,2009700,0.0,0
2015-08-19,56.97382963576017,57.19412913916643,56.15340509804258,56.806705474853516,3025700,0.0,0
2015-08-20,56.229357179810506,56.79453995426755,56.04704258623706,56.40407943725586,2207000,0.0,0
2015-08-21,55.690004813582384,56.40407850380251,54.892374857601084,54.899967193603516,5564500,0.0,0
2015-08-24,51.838567237634294,54.87717033613509,46.65774918651747,53.83645248413086,9844600,0.0,0
2015-08-25,54.34542775630608,54.99872801409369,53.1755646387719,53.33509063720703,4423400,0.0,0
2015-08-26,54.48217530154533,56.29774088298909,52.81853761480942,56.14581298828125,5356300,0.0,0
2015-08-27,55.583657553183386,57.163732889804166,55.54567848381876,57.110557556152344,5937800,0.0,0
2015-08-28,56.518023772132764,57.11814863245619,56.07742489305845,56.73832321166992,2150100,0.0,0
2015-08-31,56.37369883407095,56.54082297787977,55.12787168381236,55.19624328613281,2688400,0.0,0
2015-09-01,54.10993272732202,55.10507348862825,52.902084859130106,53.266719818115234,4671400,0.0,0
2015-09-02,53.813662354029,54.7480354309082,53.41104833890271,54.7480354309082,2986500,0.0,0
2015-09-03,55.1202657789477,56.13060283629147,54.535337153771756,54.816410064697266,2595300,0.0,0
2015-09-04,54.04156708556962,54.45937741834793,53.27355878431029,53.60856628417969,2997000,0.0,0
2015-09-08,54.58092679906772,56.46486395370787,53.79088901135911,56.26735305786133,4450700,0.0,0
2015-09-09,56.556004350076364,56.593989211441745,54.67967158955491,54.82400131225586,2936400,0.0,0
2015-09-10,54.79361567001987,55.492498881554084,54.52773902221262,54.816410064697266,3619700,0.0,0
2015-09-11,54.88477822573346,56.160991985854395,54.39100397529399,56.03185272216797,2146700,0.0,0
2015-09-14,55.8343525985686,56.75352968056032,55.116482582699824,56.631988525390625,2927400,0.0,0
2015-09-15,56.928243773520116,57.36883691768439,56.0280534610441,57.270084381103516,3393300,0.0,0
2015-09-16,57.12574566356632,58.27282015141655,56.44206448649508,58.01454162597656,2302800,0.0,0
2015-09-17,58.174064603036186,59.07045285510673,57.73346571059829,58.060115814208984,3142600,0.0,0
2015-09-18,57.39162174620329,58.113287706642915,56.98140960808707,57.30805969238281,7231700,0.0,0
2015-09-21,57.49797313055344,57.87779854524453,56.94342547500706,57.12574005126953,3256300,0.0,0
2015-09-22,56.32812011444937,56.87506973559215,55.955892765046,56.44966125488281,2628700,0.0,0
2015-09-23,56.343310360615874,56.66844203817959,55.64822903613783,55.69001007080078,3713200,0.0,0
2015-09-24,55.454518888820296,55.560869557281706,54.466970343762384,55.39374542236328,4416100,0.0,0
2015-09-25,56.06225204214112,56.10023111874791,55.28740469468693,55.72040557861328,3517000,0.0,0
2015-09-28,55.31019214936996,55.65963094354437,53.16797637939453,53.16797637939453,5006600,0.0,0
2015-09-29,53.29711441650954,53.920027975166484,52.15003983807258,52.56784439086914,3870900,0.0,0
2015-09-30,52.92489508038284,53.78330460291717,52.76536903179963,53.616180419921875,3132800,0.0,0
2015-10-01,54.14032235190916,54.67208151096829,53.000845891224294,53.80607986450195,2519700,0.0,0
2015-10-02,53.31990980668703,54.28466410370568,52.69699616872218,54.24668502807617,2593100,0.0,0
2015-10-05,54.694867404942265,55.64443107516696,54.20109313729009,54.87718200683594,6323500,0.0,0
2015-10-06,54.91516537438549,55.49250169292768,54.61130384906451,55.051902770996094,2760200,0.0,0
2015-10-07,55.257006526112974,56.01665744924883,55.0595014589848,55.56846618652344,2325200,0.0,0
2015-10-08,55.576066908200346,56.571207809262,55.25700910090206,56.54082107543945,2239700,0.0,0
2015-10-09,56.52562564574031,57.140941013536064,56.206567866442185,56.51042938232422,2938100,0.0,0
2015-10-12,56.52563736653306,56.52563736653306,55.69001657566944,56.0014762878418,2081100,0.0,0
2015-10-13,55.917924533188874,56.161012682047115,55.59127428981574,55.743202209472656,2147500,0.0,0
2015-10-14,55.54566796238452,56.442056128205124,55.454507780958906,56.03943634033203,1956800,0.0,0
2015-10-15,56.32812290964431,57.140949249267585,56.154919096659775,57.14094924926758,2135700,0.0,0
2015-10-16,57.49039550722174,59.252785828234416,56.875079970545485,58.789398193359375,3435200,0.0,0
2015-10-19,58.40955995508835,58.64504989042902,57.95377055301618,58.34119415283203,1951900,0.0,0
2015-10-20,57.88540048784171,58.6146705052797,57.81703468377513,58.394371032714844,1922100,0.0,0
2015-10-21,58.493123989885035,59.055264078167134,58.21205104790555,58.53110885620117,2370100,0.0,0
2015-10-22,58.66023880808117,60.72649002075196,58.66023880808117,60.72649002075195,3951700,0.0,0
2015-10-23,60.126381117740316,60.68852126588387,58.819780398532984,59.23759078979492,3179000,0.0,0
2015-10-26,59.389524779784736,59.389524779784736,58.098120194352624,58.34880065917969,2563800,0.0,0
2015-10-27,57.89299684792687,58.85775677740723,57.89299684792687,58.62226104736328,2435200,0.0,0
2015-10-28,58.6070606447089,60.164341314360215,57.99173955286117,60.14915084838867,2382000,0.0,0
2015-10-29,59.89087743677736,60.01014666836563,59.13806539394418,59.74654769897461,1788500,0.0,0
2015-10-30,59.533845816347586,60.00482568645023,59.14642221700776,59.229984283447266,2053000,0.0,0
2015-11-02,59.57941740337536,59.95924283478903,59.04006598624908,59.45787048339844,1536500,0.0,0
2015-11-03,59.12362818380261,59.25276743982456,57.6423055204013,58.060115814208984,4489800,0.0,0
2015-11-04,57.97657007658579,58.240928327333485,57.156145520881424,57.596744537353516,2630400,0.0,0
2015-11-05,57.88540790584623,58.11254630619622,56.78391619754286,57.29288101196289,3347200,0.0,0
2015-11-06,56.02426386569045,56.59400214229069,54.37582250968968,54.70247268676758,8819900,0.0,0
2015-11-09,54.69487486518172,55.211437804068865,53.8212750102829,54.11753845214844,4231000,0.0,0
2015-11-10,54.504967124169234,54.86200407305765,54.04993685127906,54.755653381347656,3470400,0.0,0
2015-11-11,55.226626067054674,55.34817301048804,54.2086964963479,54.77843475341797,3537300,0.0,0
2015-11-12,54.5065748400745,54.658193206384006,53.794420709447586,54.29216384887695,3931500,0.575,0
2015-11-13,54.07775664303839,54.91242889466338,54.04712566468586,54.1926155090332,3008000,0.0,0
2015-11-16,54.384065794657836,55.218744058178444,54.32280966776527,54.870323181152344,2398400,0.0,0
2015-11-17,55.21107632847395,55.23404810279535,54.09307185415687,54.71333312988281,4247400,0.0,0
2015-11-18,55.01200153758852,55.92708711816333,54.49894554957253,55.58249282836914,3780200,0.0,0
2015-11-19,56.09168725982594,56.459253105297414,55.39484574692034,56.16060256958008,2828700,0.0,0
2015-11-20,56.79619752429296,57.86825853495943,56.20656718167077,56.398006439208984,4003200,0.0,0
2015-11-23,56.689004020996684,57.079541824970974,56.585625164184485,56.719635009765625,2706000,0.0,0
2015-11-24,56.45926991566057,57.05655948041232,56.42097972622257,57.02592849731445,2863900,0.0,0
2015-11-25,57.0105979193098,57.37050459108198,56.55114495540844,57.15609359741211,2384100,0.0,0
2015-11-27,57.10250957735694,57.4317853805627,56.83449574736698,57.133140563964844,777300,0.0,0
2015-11-30,57.064223937827016,57.324584423641866,56.28315416491005,56.42864990234375,4200100,0.0,0
2015-12-01,56.84214844098991,57.431778799401535,56.51287267551617,57.02592849731445,3749300,0.0,0
2015-12-02,56.826831123426494,57.140794324533054,55.83900380796873,55.9308967590332,2568600,0.0,0
2015-12-03,56.12998109609761,56.42096660445917,54.43765326653364,54.720985412597656,3019000,0.0,0
2015-12-04,54.675054157987724,55.69351242954366,54.42235293110315,55.302974700927734,4495900,0.0,0
2015-12-07,55.07322869422189,55.29147219062979,54.253869136434155,54.6980094909668,3323600,0.0,0
2015-12-08,54.36875446639034,54.87032443550833,54.053260576063856,54.77460479736328,4519800,0.0,0
2015-12-09,54.491262273100965,55.26467251388336,53.98585992905416,54.29216384887695,3940800,0.0,0
2015-12-10,54.238554829446834,54.62525990512314,53.99351289037519,54.24620819091797,2733700,0.0,0
2015-12-11,53.67190634735257,54.13136522990813,53.135878774054255,53.36560821533203,3756000,0.0,0
2015-12-14,53.65658883136335,54.430004980621874,53.426859411263,54.3495979309082,3881600,0.0,0
2015-12-15,54.92775890092168,55.70882856588894,54.86649693128343,55.14216995239258,4168700,0.0,0
2015-12-16,55.6016206592873,56.05341452093184,55.050274640677685,55.90792465209961,2176900,0.0,0
2015-12-17,55.86197096488114,56.12999058941921,55.05792961805379,55.0732421875,2402700,0.0,0
2015-12-18,54.69036081219745,55.088557704018974,54.085412111275424,54.11604309082031,6568300,0.0,0
2015-12-21,54.44415490904017,55.324284258114254,54.328353840912804,55.10810852050781,5466900,0.575,0
2015-12-22,55.30884848612724,56.50551075124579,55.057938280628576,56.304779052734375,5053300,0.0,0
2015-12-23,56.590449941747565,57.73306413883239,56.35111389342373,57.52461624145508,4193400,0.0,0
2015-12-24,57.756214951489014,57.756214951489014,57.03821870388036,57.09998321533203,1962500,0.0,0
2015-12-28,56.906974520817485,56.96410345529686,56.273902992937494,56.683082580566406,5421800,0.0,0
2015-12-29,56.860645715272646,57.7948117415127,56.66763605968122,57.66356658935547,4350900,0.0,0
2015-12-30,57.63267533771765,57.872005388417314,56.90695726116212,56.93783950805664,1779900,0.0,0
2015-12-31,56.64448229248343,56.74484520435001,56.07316940595332,56.17353820800781,1857100,0.0,0
2016-01-04,55.10811790534019,56.24301568775251,55.08495768777056,56.1272087097168,5209400,0.0,0
2016-01-05,56.15809340558154,56.806608976673616,55.80295631029762,56.65991973876953,3858200,0.0,0
2016-01-06,55.74118123664907,56.88380088812667,55.60993609612819,56.76799392700195,3294700,0.0,0
2016-01-07,55.59449578432773,56.35109023964045,55.47096679314969,55.50957107543945,4050300,0.0,0
2016-01-08,55.73348864033674,55.949658584338565,54.89196319811339,54.95372772216797,3092100,0.0,0
2016-01-11,55.08494165375732,55.99594725084362,54.63715794379259,55.79521560668945,3329000,0.0,0
2016-01-12,56.24300237422036,56.62902161617134,55.68868284234834,56.536380767822266,2924600,0.0,0
2016-01-13,56.505512297405474,56.69852196543576,54.536811327421546,54.66805648803711,3448500,0.0,0
2016-01-14,54.783866947660556,55.222385553866744,54.27741091309424,54.614017486572266,4610600,0.0,0
2016-01-15,53.193463657621685,54.15851196095231,52.63759489247326,53.425071716308594,6551200,0.0,0
2016-01-19,54.05044229925954,54.444177877370734,53.69530513007875,54.17396545410156,5107100,0.0,0
2016-01-20,53.486838880158935,55.262530202630586,53.06993728557374,54.94599151611328,4607000,0.0,0
2016-01-21,55.58677989432688,56.61359265879756,55.066423091258876,56.397422790527344,6208200,0.0,0
2016-01-22,56.82205730010773,57.51689343236196,55.98053779395847,57.431968688964844,3111700,0.0,0
2016-01-25,56.899248040183515,57.648126498005276,56.62131364573034,57.154022216796875,4123100,0.0,0
2016-01-26,56.64448242698093,58.67494211932682,56.64448242698093,58.65950393676758,3851300,0.0,0
2016-01-27,58.57457648522029,59.56278504835088,58.018707695912425,58.65177917480469,5348200,0.0,0
2016-01-28,58.883380740094985,59.4392494680091,58.273475436608834,58.7984619140625,3542400,0.0,0
2016-01-29,59.369769554655456,60.38886027167653,58.98375025441737,60.26533126831055,4508200,0.0,0
2016-02-01,59.732627201271406,59.817551916494224,58.4201580779468,59.45469284057617,3564200,0.0,0
2016-02-02,58.65177917480469,59.29257268971168,58.45876950574988,58.65177917480469,5631600,0.0,0
2016-02-03,58.96061333593292,58.96061333593292,56.99963380905938,57.8179931640625,6239700,0.0,0
2016-02-04,57.93376056600101,58.05728364352931,56.29703708490716,57.246646881103516,7077100,0.0,0
2016-02-05,57.34702267116508,57.563192523186025,55.6948606419345,56.18896484375,9351600,0.0,0
2016-02-08,55.65626227938234,55.74118700030927,54.18167155182693,54.98459243774414,4704600,0.0,0
2016-02-09,54.50592289567295,55.55589584196221,54.05042295804075,55.20848083496094,4616900,0.0,0
2016-02-10,55.640821088121555,56.59043114793464,55.365201567290676,55.67170333862305,2520100,0.0,0
2016-02-11,54.73754783652526,55.55590701595274,54.17704931349336,55.154449462890625,3041500,0.0,0
2016-02-12,55.74119814700637,55.93420784403921,54.83019214140387,55.525028228759766,2985800,0.0,0
2016-02-16,56.281601306167914,56.40512438895727,55.5250010721602,55.82609558105469,3852100,0.0,0
2016-02-17,56.35882058847256,57.43195382435315,55.972801269373434,57.31614685058594,3628100,0.0,0
2016-02-18,57.19261822856101,57.35474562016101,56.62130545032849,56.70623016357422,2755200,0.0,0
2016-02-19,56.28162040191263,56.89384650373216,56.22757793044646,56.76028060913086,4333500,0.0,0
2016-02-22,57.43194150720473,57.43194150720473,55.74889740127931,56.613582611083984,2916700,0.0,0
2016-02-23,56.43602232012063,56.73711691271251,56.01912075571942,56.219852447509766,2805600,0.0,0
2016-02-24,55.84155468169445,56.613593300083075,55.45167140968837,56.351097106933594,3526500,0.0,0
2016-02-25,56.675360524882,57.88746097835255,56.61359601879991,57.87201690673828,4962300,0.0,0
2016-02-26,60.836644112858664,60.91384679491869,59.17675994272626,60.095481872558594,10319700,0.0,0
2016-02-29,59.66315313974686,60.219021977352526,59.39294075762971,59.46242141723633,4885500,0.0,0
2016-03-01,59.95651245117187,60.15723821927985,59.38519972296408,59.956512451171875,5445500,0.0,0
2016-03-02,59.917914541624555,60.06460375638228,58.7675787090458,59.82526779174805,5075800,0.0,0
2016-03-03,59.67858921416969,59.87159887412472,59.03007369382336,59.73263168334961,3239900,0.0,0
2016-03-04,60.14952430117001,60.1572404454846,58.875659557070556,59.60137176513672,3677800,0.0,0
2016-03-07,59.45470791756331,59.7480805326098,58.78303206052321,59.06096649169922,2574800,0.0,0
2016-03-08,58.682649128126855,59.5627725633179,58.62860666772693,58.89881896972656,2783700,0.0,0
2016-03-09,59.19220198554261,59.44697615413389,58.52053212858601,59.161319732666016,2631300,0.0,0
2016-03-10,59.4315270702066,59.559685745549665,58.32751176569436,58.84477615356445,2107200,0.0,0
2016-03-11,59.64769929519479,59.71717993655827,58.99146771373106,59.408363342285156,2342700,0.0,0
2016-03-14,59.354326838528905,60.04144073741678,58.75213765884625,59.88703536987305,2278300,0.0,0
2016-03-15,59.802115490878656,60.08004988710235,59.30801120652268,60.04916763305664,2924700,0.0,0
2016-03-16,60.65194818190704,60.75305854788134,59.85082106421464,60.690834045410156,3400000,0.575,0
2016-03-17,60.34084361893932,60.74529109742705,59.687498081005174,60.67529296875,4506000,0.0,0
2016-03-18,60.96305073778505,60.97083028307558,59.71081097845733,60.13081741333008,9081000,0.0,0
2016-03-21,59.86638328991493,60.27861025576353,59.24415010074937,59.57081985473633,3203400,0.0,0
2016-03-22,59.88193124161482,59.90915668577378,59.13525503998503,59.45415115356445,2615600,0.0,0
2016-03-23,59.555264339539626,59.93637903744887,59.27526000889664,59.7419319152832,2295800,0.0,0
2016-03-24,59.7108200230527,60.099714269724814,59.00225821857682,59.46970748901367,3356700,0.0,0
2016-03-28,59.594171587502316,60.613072872904944,59.158605885772374,60.48085021972656,3581800,0.0,0
2016-03-29,60.340842269587824,61.29751894445215,59.91305615705096,61.28974533081055,3907400,0.0,0
2016-03-30,61.383087801738604,61.484204138807584,60.877523918565714,61.36753463745117,3339900,0.0,0
2016-03-31,61.406398711410695,61.406398711410695,60.885281848985194,61.10306167602539,3400300,0.0,0
2016-04-01,61.07972891229781,61.569739456723745,60.756945978224365,61.50751495361328,3418200,0.0,0
2016-04-04,61.42195766518843,61.515288485677104,60.96305937291663,61.32862091064453,3495200,0.0,0
2016-04-05,61.033075028119704,61.3286325726278,60.5819561964576,60.67529296875,2679600,0.0,0
2016-04-06,60.99417136097051,60.99417136097051,60.27860738139047,60.947505950927734,2421900,0.0,0
2016-04-07,60.683065329019676,60.89307157882535,59.909169452369305,60.27861785888672,3216400,0.0,0
2016-04-08,60.64417153792437,61.13417616671173,60.30972223870446,61.03306579589844,2139000,0.0,0
2016-04-11,61.23529769158729,61.44529799781038,60.55083994141081,60.597511291503906,2894800,0.0,0
2016-04-12,60.66751882511418,61.15752357167194,60.30973673387341,60.924190521240234,2348300,0.0,0
2016-04-13,61.19640847422991,61.2353002786079,59.959721490495525,60.20083999633789,3246400,0.0,0
2016-04-14,60.200847597812434,60.52363062592725,59.80417369248307,60.02195358276367,3150500,0.0,0
2016-04-15,60.32528493406759,60.893073251448286,59.990835581978985,60.70640563964844,3042200,0.0,0
2016-04-18,60.605287450778064,60.94751634024302,60.09972366426561,60.93195724487305,2207300,0.0,0
2016-04-19,60.93196234329673,61.3519689425866,60.55862709996577,60.900856018066406,2591200,0.0,0
2016-04-20,60.93194775837246,61.196398931983744,60.27860827190097,60.60527801513672,1867400,0.0,0
2016-04-21,60.50417659826818,60.60528698116471,59.61049587258101,59.687496185302734,2110700,0.0,0
2016-04-22,59.65636488375158,60.78416156704191,59.65636488375158,60.745269775390625,2409800,0.0,0
2016-04-25,60.57416933604638,61.320845622077506,60.30972408089303,61.235294342041016,2323800,0.0,0
2016-04-26,61.219739386325685,61.87308488955059,61.06418404149196,61.21195983886719,2315700,0.0,0
2016-04-27,61.61640804854759,61.834187886623916,60.65972554950595,61.5230712890625,2249600,0.0,0
2016-04-28,61.0952876614701,61.624184066823865,60.73749973762489,60.947505950927734,1962600,0.0,0
2016-04-29,60.36417231015041,60.88918197650456,59.99083117988987,60.721954345703125,3208700,0.0,0
2016-05-02,60.72195935572389,62.41753884136241,60.66751438786627,61.84975051879883,3700700,0.0,0
2016-05-03,61.4608487627283,61.6708549948213,60.839398842915585,61.19640350341797,2508200,0.0,0
2016-05-04,61.04085189095702,62.456426904480985,60.89307015817535,62.20753479003906,4687000,0.0,0
2016-05-05,64.52533965435227,65.46646312070565,64.16755762091628,64.53311920166016,8629300,0.0,0
2016-05-06,64.42424004057206,65.36536366418295,63.73200856589912,65.3342514038086,3993600,0.0,0
2016-05-09,65.334234204297,65.94868783330502,65.05422986869702,65.53646087646484,3272300,0.0,0
2016-05-10,65.67645740652507,67.04536078077756,65.51312254712182,66.99869537353516,3593700,0.0,0
2016-05-11,66.86649399246184,67.30983330418086,66.25981976948391,66.26759338378906,2824500,0.0,0
2016-05-12,66.48535094578934,67.40314143859219,66.22867936543376,67.15424346923828,2427500,0.0,0
2016-05-13,66.91313791243695,67.23980762998171,65.89423696454767,66.21312713623047,2857300,0.0,0
2016-05-16,66.36868981428215,67.0764742175575,66.14313045186002,66.7886962890625,2061900,0.0,0
2016-05-17,66.64870315286343,66.9364811203142,63.599767508478266,63.90311050415039,7395100,0.0,0
2016-05-18,63.739763660159475,63.99565792189725,62.58086048471708,63.140869140625,8695600,0.0,0
2016-05-19,62.88419588283967,64.57199541897744,62.69752831374161,64.55644226074219,3932800,0.0,0
2016-05-20,64.08977826074852,64.44756028475419,63.63865947367606,64.10533142089844,2720100,0.0,0
2016-05-23,64.17535071486824,64.750912721972,64.10534664243207,64.40868377685547,1996900,0.0,0
2016-05-24,64.65755565762578,65.62590447322393,64.32310636635557,65.5053482055664,2385600,0.0,0
2016-05-25,65.43878664118587,66.39421270528545,65.10203820834501,65.99481201171875,2563100,0.575,0
2016-05-26,65.79901730744665,66.42552786150256,65.59540645599881,65.63455963134766,2424000,0.0,0
2016-05-27,65.51708842101908,65.98696830818997,65.39178393118848,65.86166381835938,1272800,0.0,0
2016-05-31,65.90868256726407,66.12795953804452,64.74494323675123,65.14904022216797,3943700,0.0,0
2016-06-01,65.0707275228007,65.77555068613816,65.00024819389186,65.74422454833984,1955400,0.0,0
2016-06-02,65.68938029104429,66.40203621121493,65.43095020858729,66.39420318603516,2207200,0.0,0
2016-06-03,66.56647921432803,66.89539450118866,66.33153630951541,66.80142211914062,3031400,0.0,0
2016-06-06,66.95808608567705,67.0363984416845,66.32374823471204,66.55868530273438,2551900,0.0,0
2016-06-07,66.6996276505308,67.09902830004204,66.26890684895982,66.37071228027344,2454400,0.0,0
2016-06-08,66.61347249979607,66.89540162565861,66.04178719863091,66.70745086669922,1757200,0.0,0
2016-06-09,66.50385699185215,67.1382007312086,66.39421851341503,67.05205535888672,2098600,0.0,0
2016-06-10,67.03638052294765,67.03638052294765,66.33939058354127,66.832763671875,2118000,0.0,0
2016-06-13,66.77793915793144,67.15384670134426,66.28847963386917,66.52733612060547,2790400,0.0,0
2016-06-14,66.51953400390272,66.79363024514869,66.04182085136694,66.47254180908203,2637500,0.0,0
2016-06-15,66.56650478033207,66.87192708898336,66.06529863409156,66.44120025634766,2967400,0.0,0
2016-06-16,66.3158866927031,66.81709272546608,65.76769446150836,66.7857666015625,2333400,0.0,0
2016-06-17,66.83274181531138,66.85624088551215,65.79900379578784,66.4255142211914,5526500,0.0,0
2016-06-20,66.95022819311514,67.74119643718876,66.75287897832357,66.95806121826172,2854100,0.0,0
2016-06-21,66.98938582466042,67.69420870067866,66.95022667466318,67.10685729980469,1953700,0.0,0
2016-06-22,67.30264072444811,67.3417938993794,66.62914397721728,66.73094940185547,1961400,0.0,0
2016-06-23,67.30266343900198,67.65350659601393,66.89934915452272,67.63941192626953,2452200,0.0,0
2016-06-24,65.54842322401372,66.6448138557759,65.32914629263092,65.5719223022461,11942100,0.0,0
2016-06-27,65.18036480304569,65.66590494823927,64.60867330727194,65.49361419677734,3458500,0.0,0
2016-06-28,65.68703738685728,66.40204147884843,65.00022860284153,66.3863754272461,3569400,0.0,0
2016-06-29,66.58998593316221,67.60806409583881,66.33154987996542,67.42794036865234,3348300,0.0,0
2016-06-30,67.65508311035545,69.40930515817392,67.48279232466025,69.29183959960938,5571200,0.0,0
2016-07-01,69.37013572220495,70.01230651636021,69.0333872585108,69.10386657714844,2551300,0.0,0
2016-07-05,69.06469396648764,70.0827661233969,68.52432877618713,69.49541473388672,3320400,0.0,0
2016-07-06,69.42494225504736,70.29813640027366,69.11168695489977,70.27855682373047,3331700,0.0,0
2016-07-07,70.14541980399245,70.34120360449202,69.55023537751649,69.94180297851562,2525600,0.0,0
2016-07-08,70.42733729834748,70.68577330619684,69.80082685050296,70.36468505859375,3703300,0.0,0
2016-07-11,70.42734256851375,70.59963325330605,69.9417966363579,70.35685729980469,2860500,0.0,0
2016-07-12,70.08277185342685,70.26289558986987,68.6261398103583,68.75927734375,4362900,0.0,0
2016-07-13,68.78277188731084,69.7616909703882,68.62614124910972,69.7146987915039,2702400,0.0,0
2016-07-14,69.80866996220948,69.89246719561845,68.80625788067717,69.18215942382812,3457800,0.0,0
2016-07-15,69.62071974037381,69.8713227627357,69.01770229682194,69.58939361572266,2311700,0.0,0
2016-07-18,69.76168367524146,69.93397437182189,69.3387899585933,69.77734375,1769400,0.0,0
2016-07-19,69.5737333315044,69.78518319671058,69.1195194235406,69.67554473876953,1751700,0.0,0
2016-07-20,69.59723238300793,69.65987866263178,68.86891635560602,69.04903411865234,2229500,0.0,0
2016-07-21,68.99421366250164,69.06469894124052,68.38885403960872,68.63397216796875,2081100,0.0,0
2016-07-22,68.93155431096017,69.2996287929724,68.77101614367903,69.04119873046875,2022900,0.0,0
2016-07-25,69.04120806540759,69.25265195874445,68.78277199311412,69.23699188232422,1447400,0.0,0
2016-07-26,69.33878349989317,69.53456727779837,68.16408083246186,68.17974090576172,1553100,0.0,0
2016-07-27,68.43035451680106,68.49300676941202,66.72311946966242,67.05986785888672,3931700,0.0,0
2016-07-28,67.09902905327185,67.51408978347229,66.7544476282687,67.31830596923828,2190300,0.0,0
2016-07-29,67.52976888544336,67.84301826887861,67.24000663343188,67.65506744384766,1778900,0.0,0
2016-08-01,67.58456977656297,67.80384667537598,66.97371930506584,67.32613372802734,2778500,0.0,0
2016-08-02,67.15384754436091,67.15384754436091,66.28456694072597,66.68396759033203,2832300,0.0,0
2016-08-03,66.80928740322054,66.93928818264395,65.9791656875311,66.48820495605469,2491500,0.0,0
2016-08-04,66.66828401806205,67.06768456269988,66.31587563887035,66.98937225341797,3221800,0.0,0
2016-08-05,70.36471327242951,70.86591944173304,69.3074816957689,69.53459167480469,5106200,0.0,0
2016-08-08,69.47192399658289,69.53457624755774,68.59481040747758,69.50325012207031,2428000,0.0,0
2016-08-09,69.64421933756624,70.47434080630181,69.49150819992435,70.30988311767578,2275800,0.0,0
2016-08-10,70.30206761990237,70.44303224170564,69.6755628367707,69.97315216064453,1423100,0.0,0
2016-08-11,70.25506878523093,70.81892717116534,69.92615338505196,70.04362487792969,2588800,0.0,0
2016-08-12,69.8791584188564,70.85024442021832,69.8791584188564,70.13758850097656,1539100,0.0,0
2016-08-15,70.25504591328075,70.3960104638725,69.58154927988087,69.76167297363281,1661000,0.0,0
2016-08-16,69.72254384849306,69.83218232672917,69.11561271728308,69.667724609375,2259300,0.0,0
2016-08-17,69.73822756637793,70.06714308439702,69.10388366751201,70.02015686035156,1832700,0.0,0
2016-08-18,69.93399366220484,70.37254757458093,69.77736299717841,70.29423522949219,1823000,0.0,0
2016-08-19,70.16892969028268,70.63880972891951,69.9731458429466,70.4195327758789,1694900,0.0,0
2016-08-22,70.38819391999724,70.78759456932511,70.1062647528067,70.45867919921875,2092800,0.0,0
2016-08-23,70.67796035767678,70.858084104419,69.97078928205018,70.0671157836914,2020000,0.0,0
2016-08-24,70.0434610209125,70.16172561415962,69.40484063863994,70.13018798828125,2581200,0.6,0
2016-08-25,70.16171441285181,70.91071937371366,69.9275552474519,70.09075927734375,1825900,0.0,0
2016-08-26,70.201150483803,70.52440062861918,69.31811498799624,69.51522064208984,1863600,0.0,0
2016-08-29,69.65714297081239,70.01981668385088,69.48368901779665,69.83059692382812,1685100,0.0,0
2016-08-30,69.87790747152324,70.03164967003579,69.19986341265036,69.35755157470703,1841500,0.0,0
2016-08-31,69.46791015664978,70.81611197194002,69.46791015664978,70.5559310913086,2696400,0.0,0
2016-09-01,70.6190203405958,70.72939903635262,69.8069459295901,70.54806518554688,2215500,0.0,0
2016-09-02,70.87919412191043,71.38378411308788,70.25633953572859,70.65055084228516,2062100,0.0,0
2016-09-06,70.71361898144535,71.09994433875546,70.27604423457849,70.75303649902344,1786400,0.0,0
2016-09-07,70.35095048359729,70.80823101510806,70.13807301539552,70.79246520996094,3344800,0.0,0
2016-09-08,70.72150341857729,70.79246457907449,69.9409667442298,70.31941223144531,2191600,0.0,0
2016-09-09,69.57039407871405,69.67289284512817,67.76490597818376,67.78067779541016,3837900,0.0,0
2016-09-12,67.47321199564239,69.93308681993773,67.29187213901646,69.82270812988281,3015000,0.0,0
2016-09-13,70.3824777182358,70.3824777182358,68.94754893157598,69.59405517578125,2579800,0.0,0
2016-09-14,69.48368640922708,70.02769996595522,68.89236941806605,69.12889862060547,1898400,0.0,0
2016-09-15,68.87659928217565,70.37460343532554,68.84506165614029,70.30364227294922,1912600,0.0,0
2016-09-16,70.0356027178074,70.27212596203466,69.10526352072667,70.12232971191406,4476800,0.0,0
2016-09-19,70.07499872756743,70.16961160531162,68.5139253435046,68.5691146850586,4032400,0.0,0
2016-09-20,68.97121820308058,69.16043796068372,68.67161373708898,68.68738555908203,3018400,0.0,0
2016-09-21,68.79776574669019,69.5073473720999,68.40355440092789,69.31024169921875,2592400,0.0,0
2016-09-22,69.87789570380254,70.29576475149064,69.64925241871606,70.20903778076172,1516800,0.0,0
2016-09-23,70.31942378373206,70.56383290020223,69.90944060396308,70.03559112548828,1467000,0.0,0
2016-09-26,69.99615502055637,70.15384314416046,69.42848980595538,69.7990493774414,1487400,0.0,0
2016-09-27,69.98040773766365,70.5559529993856,69.79118193925592,70.35096740722656,1530300,0.0,0
2016-09-28,70.62688504865142,70.65842266871219,70.01979638905713,70.60323333740234,1628700,0.0,0
2016-09-29,70.35095878287534,70.50864091369635,69.70445242220886,69.83059692382812,1411800,0.0,0
2016-09-30,70.16960388262954,70.88707125905603,70.051339302262,70.57170104980469,2499200,0.0,0
2016-10-03,70.3667040185531,70.53227201206856,69.97249279155841,70.23267364501953,1857900,0.0,0
2016-10-04,70.39824202930055,70.39824202930055,69.13676729895253,69.39694213867188,1940500,0.0,0
2016-10-05,69.63348366951583,69.63348366951583,68.86082687618587,68.89236450195312,1910900,0.0,0
2016-10-06,68.6164141751822,69.1131242358255,68.41930853592675,68.97908782958984,1172000,0.0,0
2016-10-07,69.19198239113793,69.19198239113793,68.35625018379422,68.90814971923828,1723500,0.0,0
2016-10-10,68.9396722453599,69.90942864920444,68.9396722453599,69.77539825439453,2012500,0.0,0
2016-10-11,69.5704126983984,69.77540427090439,68.64007373417884,68.78199005126953,2508700,0.0,0
2016-10-12,69.743865525102,69.743865525102,68.59276920057007,68.7031478881836,3072600,0.0,0
2016-10-13,68.4271953378978,68.84505833613757,68.19855207155803,68.63218688964844,2861900,0.0,0
2016-10-14,68.86082459135439,69.93307977111473,68.64006723349551,69.7990493774414,2388900,0.0,0
2016-10-17,69.94886414573669,70.16962154321786,69.40485054823812,70.03559112548828,2208400,0.0,0
2016-10-18,71.028992794248,71.07630224300468,70.09077394239503,70.11442565917969,2740000,0.0,0
2016-10-19,70.11443301401884,70.13019882179995,69.0264118214824,69.44427490234375,2721000,0.0,0
2016-10-20,68.76623164336917,69.98040337239934,68.76623164336917,69.34966278076172,2662100,0.0,0
2016-10-21,69.10522856194935,69.52309149570014,68.57698696702613,69.31809997558594,2086600,0.0,0
2016-10-24,69.86214172377574,70.34308009188801,69.78408863994473,70.09867095947266,1744500,0.0,0
2016-10-25,70.350953654676,70.70574143075504,69.51522157971934,69.66502380371094,3220100,0.0,0
2016-10-26,69.78329691392358,69.93309314100209,69.31024448304633,69.44427490234375,1513400,0.0,0
2016-10-27,69.51521159385823,69.67289970572044,68.73546297891639,69.13677215576172,2127800,0.0,0
2016-10-28,68.97122247146652,69.90944142173643,68.97122247146652,69.44427490234375,1771100,0.0,0
2016-10-31,69.72809679250294,70.29576202793947,69.62559800460147,70.13018798828125,3577400,0.0,0
2016-11-01,70.16960134019025,70.31151762845202,69.46790580800325,69.67289733886719,2542700,0.0,0
2016-11-02,69.87789014833548,69.92519959281833,69.36542029046385,69.49945068359375,1916700,0.0,0
2016-11-03,69.47578643007284,69.67289203681537,67.9068214694686,68.00143432617188,5041900,0.0,0
2016-11-04,64.67430497509963,67.20514080160669,63.86223065878208,66.26692199707031,7825200,0.0,0
2016-11-07,67.26822354267121,67.87530636613775,66.46403504707834,67.8280029296875,4101100,0.0,0
2016-11-08,67.98567269737755,70.04344982410811,67.85952221402987,69.64923858642578,2791200,0.0,0
2016-11-09,67.94626267991546,68.56911728114213,66.36941741560105,66.96862030029297,5097200,0.0,0
2016-11-10,67.03957308739557,67.433784389582,63.515323083418885,64.19336700439453,7643600,0.0,0
2016-11-11,63.86223348202245,64.44566454809957,63.19996135542473,64.02780151367188,4151100,0.0,0
2016-11-14,63.87012761213203,64.3589458593785,63.01074370085699,63.13689422607422,4463400,0.0,0
2016-11-15,63.523217399673584,64.42990471772076,63.24727065466476,63.972618103027344,5723900,0.0,0
2016-11-16,64.16181678030075,65.24195770167456,64.09086164712896,64.96601104736328,3327200,0.0,0
2016-11-17,64.8950642180518,65.31292724609375,64.25644381785087,65.31292724609375,3161600,0.0,0
2016-11-18,65.20254999759574,65.38388985168864,64.66642236116604,65.06851959228516,2715700,0.0,0
2016-11-21,65.0685300562035,66.08559614836462,64.81229506277495,65.94367980957031,2508600,0.0,0
2016-11-22,66.11712045315433,66.59805872572254,65.99096994846037,66.29845428466797,2648000,0.0,0
2016-11-23,66.06980601487791,66.47189714743422,64.43777172720107,64.99755096435547,3459900,0.0,0
2016-11-25,65.14735558885829,65.6677173786998,65.14735558885829,65.39965057373047,1230300,0.0,0
2016-11-28,65.39965608638897,65.96732135399766,64.93448961249082,65.61253356933594,2642300,0.0,0
2016-11-29,65.75445611549574,66.62171990530831,65.5415786123818,66.22750854492188,3744600,0.0,0
2016-11-30,65.98926441261129,66.31484612820543,64.83782958984375,64.83782958984375,3309900,0.6,0
2016-12-01,64.72667094139692,64.94107387861968,63.471999662716826,63.916690826416016,4043300,0.0,0
2016-12-02,64.11519006158457,64.73458281989011,63.8054936824318,64.25019073486328,2779300,0.0,0
2016-12-05,64.2502149506833,64.44079601157773,63.6189049628147,63.74993133544922,4415500,0.0,0
2016-12-06,64.01197807461838,64.22479367362354,63.281412361018155,63.49581527709961,3566800,0.0,0
2016-12-07,63.87695973155221,66.0765987004169,63.74195907012639,65.87013244628906,4870200,0.0,0
2016-12-08,65.5842687317609,65.74309128350971,65.00458307864513,65.36192321777344,2497500,0.0,0
2016-12-09,65.55252555562204,66.53958234775826,65.1713574010619,66.52925872802734,2380900,0.0,0
2016-12-12,66.38630690603826,67.36304592325399,66.14013952038576,66.86276245117188,2536300,0.0,0
2016-12-13,67.18041357442227,67.97450831184679,66.72777981642878,67.45040893554688,3644100,0.0,0
2016-12-14,67.48216323137612,67.81568151654966,66.48160231739435,66.98982238769531,3348600,0.0,0
2016-12-15,67.60127540959887,68.3397836768322,66.80718075917429,67.79186248779297,4410100,0.0,0
2016-12-16,68.19684856086967,68.73683318262712,67.38687465746428,68.65742492675781,6037700,0.0,0
2016-12-19,68.57008439434442,68.9988963110213,68.0698068541193,68.76860809326172,3365400,0.0,0
2016-12-20,68.51448513486434,68.76859517942147,67.76009764402767,68.27626037597656,2665500,0.0,0
2016-12-21,68.23655802357209,69.07829646945767,68.13332789330026,68.77654266357422,2202000,0.0,0
2016-12-22,68.64949360649759,69.31653639443545,68.53038423227883,69.30859375,1966300,0.0,0
2016-12-23,69.16566146835332,69.57859419052572,69.05448867202914,69.53888702392578,2484700,0.0,0
2016-12-27,69.61033535730942,69.94385363438401,69.3244608173995,69.54680633544922,1993200,0.0,0
2016-12-28,69.48329266536501,69.69769558843758,69.11006715255137,69.33241271972656,1384800,0.0,0
2016-12-29,69.32447528758176,69.99945462496797,69.32447528758176,69.82475280761719,1837800,0.0,0
2016-12-30,69.89621883380912,70.00739767514649,69.1418312273763,69.3403549194336,2051400,0.0,0
2017-01-03,69.76122832369624,69.85652188259421,68.60979326471006,69.50711822509766,3104600,0.0,0
2017-01-04,69.49917402940824,69.85652032345294,69.00683913224721,69.11006927490234,2274900,0.0,0
2017-01-05,69.00682991225293,69.32446900058765,68.35567250747448,68.7130126953125,3037400,0.0,0
2017-01-06,68.71300898200758,68.79241723518456,68.15714515130738,68.5383071899414,2450200,0.0,0
2017-01-09,68.4906698363771,68.66933993730134,67.96656441130658,68.34773254394531,2482400,0.0,0
2017-01-10,68.17301518577739,68.53036136457953,67.82361770722088,68.22066497802734,2539900,0.0,0
2017-01-11,68.38744025838969,69.11800595520829,68.32391122602408,68.89566040039062,2754500,0.0,0
2017-01-12,68.95125624073006,69.69770126872955,68.68920349014698,69.41976928710938,2484700,0.0,0
2017-01-13,69.41976576133024,69.4277084056768,68.75114172214333,69.11006927490234,1799100,0.0,0
2017-01-17,68.85594161603845,69.86047079419126,68.85594161603845,69.8167953491211,2304800,0.0,0
2017-01-18,69.72150813688131,70.3488375379375,69.72150813688131,70.15825653076172,2881800,0.0,0
2017-01-19,70.02327556187639,70.22179925012638,69.52299804853278,69.76122283935547,1690600,0.0,0
2017-01-20,70.1582718269784,70.67443463997405,69.88828251282018,70.63472747802734,2795500,0.0,0
2017-01-23,70.40445220584003,70.63473438055505,70.03916324392823,70.515625,2654100,0.0,0
2017-01-24,70.60296260638185,70.8253081527802,70.13444358350385,70.42826080322266,2171100,0.0,0
2017-01-25,70.61883494760026,70.88882421090727,70.20590841005391,70.54736328125,2262100,0.0,0
2017-01-26,71.06354587125222,71.38912766525388,70.44812115564963,71.0000228881836,3091900,0.0,0
2017-01-27,70.64265894662263,71.28587367086068,70.49972166807403,71.01588439941406,1842800,0.0,0
2017-01-30,70.74588977047775,71.07147148646604,70.38060695689228,70.73795318603516,2233600,0.0,0
2017-01-31,70.59501244729782,71.11911174251671,70.54339435864297,70.90470886230469,2650500,0.0,0
2017-02-01,70.587087103461,70.94045905120824,70.12492334290499,70.20592498779297,1816800,0.0,0
2017-02-02,70.28530733623151,70.75382019280187,70.13442743942258,70.36471557617188,1826700,0.0,0
2017-02-03,70.84118072412855,70.95235348688087,70.3885470305052,70.88882446289062,2205100,0.0,0
2017-02-06,70.91266470714918,70.99207297169835,70.38855925589263,70.43620300292969,1359800,0.0,0
2017-02-07,70.44413605778364,70.69030346191543,70.27737690739164,70.52354431152344,2599300,0.0,0
2017-02-08,70.52353468974188,70.92058196273169,70.50765546454495,70.8252944946289,3300300,0.0,0
2017-02-09,70.88881806508802,71.77820614529938,70.7061797106759,71.29380798339844,2708300,0.0,0
2017-02-10,71.15090175509309,71.89735289903324,70.94443538493582,71.62735748291016,1882100,0.0,0
2017-02-13,71.71468346627277,71.94497163396406,71.2263169694843,71.92909240722656,1812500,0.0,0
2017-02-14,71.92115146524796,72.31264317711856,71.54792601424938,72.11173248291016,2322700,0.0,0
2017-02-15,72.36584100376362,72.50084169446009,71.67498255734706,72.33805084228516,3083900,0.0,0
2017-02-16,70.75384605565903,71.34147451616762,68.5700853375309,69.30859375,10584700,0.0,0
2017-02-17,73.05670356956985,77.63862676902545,72.93758816727508,76.7492446899414,30007700,0.0,0
2017-02-21,72.91377090526575,75.82016024765778,72.54054544844324,75.33576202392578,14423200,0.0,0
2017-02-22,75.31988774368033,75.43900317090579,73.84287098639402,74.13668823242188,4990400,0.0,0
2017-02-23,74.08109354786532,74.34314624673351,73.3346426087117,73.80316162109375,2901000,0.0,0
2017-02-24,74.2558134555713,74.48610169633052,73.5093623343837,73.91435241699219,2670500,0.0,0
2017-02-27,73.53316571366592,73.74757466871377,71.73057346663995,71.95291900634766,6084900,0.0,0
2017-02-28,72.008510090977,73.04083565952313,71.74645737702056,72.66761016845703,4267700,0.0,0
2017-03-01,73.35503077945958,73.46694338234637,72.45977874394215,73.08325958251953,2858600,0.6,0
2017-03-02,73.13920318629197,73.291078893045,72.5636806116976,72.96334838867188,2552700,0.0,0
2017-03-03,72.93938725372482,73.13922119140625,72.58767757190219,73.13922119140625,1653000,0.0,0
2017-03-06,72.75551905309226,73.14719786334119,72.5716752917843,72.867431640625,2044900,0.0,0
2017-03-07,72.5876551018471,73.09124037192231,72.51571783380545,72.57966613769531,1491000,0.0,0
2017-03-08,72.47576467319229,72.87543251336446,72.29192088184357,72.65961456298828,2034200,0.0,0
2017-03-09,72.55568836746113,73.20714882074196,72.43579290846782,73.1631851196289,2108500,0.0,0
2017-03-10,73.6028379342168,73.61163189601689,72.94738285771723,73.147216796875,2277100,0.0,0
2017-03-13,73.03529857248257,73.13921000874812,72.75552622374626,72.8834228515625,2182900,0.0,0
2017-03-14,72.8674369136358,73.01930653213095,72.47575807504325,72.7874984741211,2097300,0.0,0
2017-03-15,73.21117675462912,73.65081396663727,72.81150877951238,73.4110107421875,2076300,0.0,0
2017-03-16,74.13039407273868,74.55404103491632,73.66678398303252,74.15437316894531,4139000,0.0,0
2017-03-17,74.81782342750076,74.87377668490156,73.3950067977823,73.52290344238281,5655700,0.0,0
2017-03-20,73.5628626558435,74.29825002782482,73.45095614699623,73.82664489746094,2063000,0.0,0
2017-03-21,73.78668599472587,74.16237479774145,73.21116324103802,73.4589614868164,2322600,0.0,0
2017-03-22,73.73870150665867,74.13836926550235,73.57084177975784,73.77067565917969,1540300,0.0,0
2017-03-23,73.57885679058411,74.16236846156292,73.4589552107351,73.54688262939453,1833300,0.0,0
2017-03-24,73.73070699644414,73.85860360748664,72.99531977828794,73.2830810546875,1703800,0.0,0
2017-03-27,73.13921839047785,73.21115567803332,72.81229281305552,72.93938446044922,1699000,0.0,0
2017-03-28,72.56367547583667,73.27108909857728,72.56367547583667,73.0672607421875,2222800,0.0,0
2017-03-29,72.89942509333744,73.21916064431096,72.78751856526397,73.13123321533203,1462600,0.0,0
2017-03-30,73.08324016897043,73.27507896870098,72.77149983249123,72.8194580078125,1143100,0.0,0
2017-03-31,72.64361498957558,72.89141316520927,72.39582291238837,72.58766174316406,2205100,0.0,0
2017-04-03,72.57967560703368,72.9633532835387,72.44378391892671,72.7874984741211,3414800,0.0,0
2017-04-04,72.49975487026975,72.93939200116289,72.15604023114827,72.91541290283203,2194000,0.0,0
2017-04-05,72.81947681187668,73.87459963052571,72.76352356007132,73.07526397705078,2694700,0.0,0
2017-04-06,73.13122700331937,73.37103017079193,72.45978789191282,72.6995849609375,2096900,0.0,0
2017-04-07,72.87543699861632,73.1312241881315,72.47576913384587,72.49974822998047,2000300,0.0,0
2017-04-10,72.45977249398204,72.73953873095023,72.06809976222658,72.651611328125,3496900,0.0,0
2017-04-11,72.65161113790009,72.79549178774222,72.25034555072114,72.60365295410156,1396500,0.0,0
2017-04-12,72.76351456674352,73.65077752031371,72.7475305389663,73.48291778564453,2007400,0.0,0
2017-04-13,73.57885829368453,73.57885829368453,73.12323715970876,73.13922119140625,1816300,0.0,0
2017-04-17,73.37902562030844,73.50691617143524,72.76353366651405,73.20317077636719,1803800,0.0,0
2017-04-18,73.1711913099651,74.04246430285653,73.003331543402,73.93855285644531,2135100,0.0,0
2017-04-19,73.88261498824774,73.89859902239093,73.29110814977001,73.41899871826172,1978300,0.0,0
2017-04-20,73.62681507394511,73.85862316901971,73.17918901363424,73.57086181640625,1787900,0.0,0
2017-04-21,73.64280133473632,73.73072875616603,73.18718019571318,73.21915435791016,1964500,0.0,0
2017-04-24,73.54688024984316,74.23430944705879,73.54688024984316,73.98651123046875,2185400,0.0,0
2017-04-25,74.05044187068106,74.25427023225076,73.76268059643793,73.77067565917969,1882400,0.0,0
2017-04-26,73.79466156291963,73.80265662639964,72.64361635966331,72.67559051513672,2736600,0.0,0
2017-04-27,72.67559022979935,73.0752580239779,72.46776736770803,72.60365295410156,2290300,0.0,0
2017-04-28,72.89940538995513,72.92339058101533,71.80431950429673,72.25194549560547,2894500,0.0,0
2017-05-01,72.45977975065709,72.53971209801782,71.42064093962617,71.51656341552734,3363600,0.0,0
2017-05-02,71.65246649484773,71.80434226079483,70.94905312865609,71.1408920288086,3058600,0.0,0
2017-05-03,72.11606103793355,72.11606103793355,71.06093825724184,71.25277709960938,2695300,0.0,0
2017-05-04,70.34155567187241,73.3790343789009,69.65412634447594,71.70042419433594,6391200,0.0,0
2017-05-05,71.8282971971917,72.02013603280754,71.28474874757461,71.64444732666016,2267300,0.0,0
2017-05-08,71.60449136896163,71.75636100056198,71.14087521293538,71.5245590209961,2311600,0.0,0
2017-05-09,71.32473592905504,71.66125439725097,71.03697455393873,71.30075073242188,2299200,0.0,0
2017-05-10,71.22880063685949,71.46060870840162,71.09291503926664,71.40465545654297,1654400,0.0,0
2017-05-11,70.98100736601252,71.50856571792346,70.98100736601252,71.36468505859375,1402500,0.0,0
2017-05-12,71.41264679972534,71.50057421249441,70.87709335718436,71.10090637207031,1827300,0.0,0
2017-05-15,70.94904231778048,71.51656996398897,70.78917150997317,71.50057983398438,2029600,0.0,0
2017-05-16,71.34871476031131,71.8043359194662,71.02098415714732,71.22881317138672,1974600,0.0,0
2017-05-17,71.55069518060273,72.54053935729459,71.22879228923962,72.0335464477539,3866600,0.6,0
2017-05-18,72.14620668324497,73.01534258949548,71.55069036516365,72.55663299560547,2854700,0.0,0
2017-05-19,72.22668714157986,72.87049293691825,71.94502440853948,72.65320587158203,2707600,0.0,0
2017-05-22,72.51640798602976,73.49820918084409,72.46007543254638,73.37749481201172,1830500,0.0,0
2017-05-23,73.40164421112884,74.0374008903313,73.24069579554352,73.93278503417969,1803500,0.0,0
2017-05-24,74.037382139487,74.56852282802016,73.86033524330927,74.5121841430664,1814900,0.0,0
2017-05-25,74.59268054156281,74.85020168063615,74.34320252511272,74.68924713134766,1665400,0.0,0
2017-05-26,74.76168149979027,74.91458065360003,74.45587091259368,74.8341064453125,1308000,0.0,0
2017-05-30,74.79387759569849,74.84216089606026,74.18870315731373,74.4075927734375,1952600,0.0,0
2017-05-31,74.54438595193392,74.80190707319896,74.01325132548196,74.1983413696289,2283000,0.0,0
2017-06-01,74.31906732938575,74.63292105300896,73.57064549464066,74.6248779296875,2466000,0.0,0
2017-06-02,74.79387436690277,75.28477503201877,74.34320773708839,75.27672576904297,2506100,0.0,0
2017-06-05,75.30890839624468,75.40547498217599,74.88238960228004,75.19624328613281,1707500,0.0,0
2017-06-06,75.20430115371862,75.54230269011408,74.90654593566563,75.01116180419922,1758500,0.0,0
2017-06-07,75.20427851979815,75.5503230759253,74.95480667926023,75.46179962158203,1987300,0.0,0
2017-06-08,75.21233217746546,75.38132983478455,74.41964874255757,74.49610137939453,2458700,0.0,0
2017-06-09,74.4236708484699,74.47195413556342,72.79806393206547,73.0958251953125,2801800,0.0,0
2017-06-12,72.91073873552162,74.37539132363354,72.77312766511172,73.43383026123047,2720600,0.0,0
2017-06-13,72.97512757210299,73.76378956761069,72.56470111832917,73.70745086669922,1909800,0.0,0
2017-06-14,74.1581114220751,74.39953403291989,73.22459346873504,73.60282897949219,1697300,0.0,0
2017-06-15,73.3614018042623,73.90862881071183,73.24068743645641,73.75572967529297,2312700,0.0,0
2017-06-16,73.12803517995627,73.40969799446984,71.55071727889138,71.95309448242188,7470600,0.0,0
2017-06-19,72.3956981493168,72.62102837735648,71.63922712107939,72.30717468261719,3331600,0.0,0
2017-06-20,72.15426787611767,72.24439995776473,71.73579223436695,71.84845733642578,2659500,0.0,0
2017-06-21,71.87259913818484,72.1848441759407,71.71165074625995,71.94503021240234,2186200,0.0,0
2017-06-22,72.00136694798756,72.22669716569273,71.53862954968277,71.70360565185547,2721000,0.0,0
2017-06-23,71.94503584016411,71.94503584016411,71.27708829583051,71.5024185180664,4205800,0.0,0
2017-06-26,72.04966177678784,72.21061634362592,71.51852705569453,71.57485961914062,1704300,0.0,0
2017-06-27,71.4299999746067,71.58289913065158,70.39991535797562,70.42405700683594,2962100,0.0,0
2017-06-28,70.90691008946013,71.21271454861007,70.18262990748524,70.67353057861328,3032300,0.0,0
2017-06-29,70.5688844826452,70.66787011474685,68.76623099323278,69.01570892333984,5189200,0.0,0
2017-06-30,70.17456593184356,70.23089848197617,68.80648620588711,68.91915130615234,3415000,0.0,0
2017-07-03,69.17667458141648,69.28933968521423,67.91321065472367,67.97759246826172,2905500,0.0,0
2017-07-05,67.9695504474114,68.21097920400463,67.31367369917082,67.43036651611328,4607700,0.0,0
2017-07-06,67.03601916762345,67.28549097456799,66.48878613254865,66.64973449707031,3403100,0.0,0
2017-07-07,66.45661883304932,67.51889437959316,66.15080823615162,66.8268051147461,3454600,0.0,0
2017-07-10,67.10846221755722,67.38208187890005,66.60146920655339,66.60951232910156,2980600,0.0,0
2017-07-11,66.15081386652483,67.59132508039406,66.15081386652483,67.39818572998047,5022700,0.0,0
2017-07-12,67.86493403672499,68.54897398840328,67.83274312679106,68.16268920898438,4026400,0.0,0
2017-07-13,68.19487802460519,68.43630677180109,67.86895351374238,68.28340148925781,2626500,0.0,0
2017-07-14,68.65359588752848,68.9674496122917,68.26731721387627,68.92721557617188,2533600,0.0,0
2017-07-17,68.95134470447178,69.0076772566408,68.47653650208635,68.886962890625,1831500,0.0,0
2017-07-18,68.95939396614956,69.08815145405543,68.54333125250015,68.886962890625,1586800,0.0,0
2017-07-19,68.91109930629584,69.0881462110448,68.57310401893177,68.95938873291016,2184500,0.0,0
2017-07-20,69.28934348344656,69.28934348344656,68.93927733029881,69.1283950805664,2770500,0.0,0
2017-07-21,68.93525408840809,69.36177287145055,68.73406551981915,69.33763122558594,2840800,0.0,0
2017-07-24,69.30542821935535,69.45832732973595,68.88695263146145,69.38590240478516,1881400,0.0,0
2017-07-25,69.40202821301119,70.50454411775861,69.32557555110455,70.35163879394531,3016900,0.0,0
2017-07-26,70.4160208749138,72.7337116945295,70.34359591482726,70.54478454589844,2935300,0.0,0
2017-07-27,70.44013460699803,70.99541697338269,70.26308769946743,70.97127532958984,3025800,0.0,0
2017-07-28,70.65741962205267,70.87470054964493,70.06994636779825,70.52865600585938,1902100,0.0,0
2017-07-31,70.64939766566863,70.81034610832644,69.99754849117808,70.38382720947266,2593100,0.0,0
2017-08-01,70.3194447109373,70.63329846900217,69.65150315441869,69.7480697631836,3281500,0.0,0
2017-08-02,69.44226042776094,70.12630046457701,68.79041130488538,69.90901947021484,3770500,0.0,0
2017-08-03,69.93315454897547,70.49567582823637,69.47444481305975,69.61930084228516,3966400,0.0,0
2017-08-04,70.4803856319476,70.4803856319476,69.19358424532076,69.7400131225586,8002300,0.0,0
2017-08-07,69.64343786594078,70.1987202977301,69.41810764428368,70.02971649169922,3195100,0.0,0
2017-08-08,69.72390983899548,69.99752948496611,69.2249599785713,69.33763122558594,3125500,0.0,0
2017-08-09,69.20886954626457,69.80438600694062,68.81454165985092,69.57905578613281,2527100,0.0,0
2017-08-10,69.14449534793602,69.53078015459101,68.87088180388812,69.12035369873047,3015600,0.0,0
2017-08-11,69.12840267439282,69.66758663703807,68.9191648158332,69.58711242675781,2538900,0.0,0
2017-08-14,69.8124355321836,70.2470035910029,69.6112469571629,70.02971649169922,2473400,0.0,0
2017-08-15,70.05386031819809,70.1745685445568,69.61285164663686,69.80438232421875,1766700,0.0,0
2017-08-16,70.07593048655029,70.26237004492069,69.93813083021271,70.11646270751953,1920100,0.625,0
2017-08-17,69.93001768130937,70.3272136258354,68.9654139780202,68.98973083496094,3023000,0.0,0
2017-08-18,68.83572344325265,69.12753812751892,68.21967571811173,68.48716735839844,2833500,0.0,0
2017-08-21,68.6817120853173,68.6817120853173,68.29262379244872,68.53580474853516,1764700,0.0,0
2017-08-22,68.70604300982542,69.0059592414703,68.6168770532959,68.94111633300781,2038600,0.0,0
2017-08-23,68.8600459159764,69.03027631596534,68.47907144345885,68.69792938232422,1687600,0.0,0
2017-08-24,68.49527272412313,68.56822330054905,67.02809785541453,67.11726379394531,3438100,0.0,0
2017-08-25,67.50633626096842,67.53876079619796,66.83354106973788,66.95513153076172,3285600,0.0,0
2017-08-28,67.1010480271817,67.27937990316781,66.16481186260327,66.58226776123047,2644100,0.0,0
2017-08-29,66.2904537445134,66.55795156113936,65.72952095301186,66.01485443115234,3491400,0.0,0
2017-08-30,66.0634846544689,66.62279711703806,65.84462675157349,66.41204071044922,3426800,0.0,0
2017-08-31,65.73925818181841,66.54985324246809,65.08267816168403,65.45555114746094,5374100,0.0,0
2017-09-01,65.45553995023765,65.73924693606249,64.92865201407812,65.5365982055664,4889900,0.0,0
2017-09-05,65.43122906062794,66.06349216795422,65.29342939556432,65.77978515625,3301700,0.0,0
2017-09-06,65.84463143799248,65.98243109719171,65.52039221655112,65.92568969726562,2517500,0.0,0
2017-09-07,66.02295921304407,66.24182332275501,65.52039427912065,66.03106689453125,3257200,0.0,0
2017-09-08,66.02296479025779,66.48500372447347,65.38260013870315,66.24182891845703,3546800,0.0,0
2017-09-11,66.5498328110976,66.92270568239933,66.4363500321948,66.91460418701172,2905500,0.0,0
2017-09-12,67.13348064576465,67.26317882003477,66.51742668668021,66.61470031738281,2256000,0.0,0
2017-09-13,66.67955819844941,66.75250879283533,66.20130384819115,66.3958511352539,2939200,0.0,0
2017-09-14,66.4525671889346,66.46877636449582,65.65818153078247,65.88514709472656,2987900,0.0,0
2017-09-15,65.92567850985331,66.37150195237497,65.26909249715955,66.0067367553711,5962900,0.0,0
2017-09-18,65.85272373081152,66.15264605098645,65.69060723492383,65.982421875,2766200,0.0,0
2017-09-19,65.90137399966561,65.99864143876857,65.33395380605323,65.52039337158203,2382900,0.0,0
2017-09-20,65.24479059497114,65.30153199827255,64.14238088710157,64.74222564697266,6182400,0.0,0
2017-09-21,64.83949224573782,65.22047288480682,63.98837120730082,64.04511260986328,2962700,0.0,0
2017-09-22,64.04510547249131,64.2315388382703,62.74004717464503,62.83731460571289,4792600,0.0,0
2017-09-25,62.902164978084656,63.59116942784783,62.79678986414155,63.56685256958008,4332600,0.0,0
2017-09-26,63.71275474442455,63.96404335632319,63.250715921705115,63.704647064208984,3160300,0.0,0
2017-09-27,63.74518249026944,63.87488064285636,63.06428574223305,63.412841796875,3278800,0.0,0
2017-09-28,63.45337751026987,63.834358161172105,63.00755395753155,63.20209503173828,2804500,0.0,0
2017-09-29,63.25071152853504,63.44444240023009,62.77246356294987,62.861629486083984,3781800,0.0,0
2017-10-02,62.861626459242565,63.445249494817205,62.3266309461984,63.104801177978516,3635900,0.0,0
2017-10-03,63.185869036060254,63.33988404374779,62.6508796259243,63.08049392700195,2372900,0.0,0
2017-10-04,62.602239387551016,63.34798512243388,62.221258840458276,63.039955139160156,3681100,0.0,0
2017-10-05,63.18586570358339,63.61953691421107,62.98321699230269,63.429046630859375,2845300,0.0,0
2017-10-06,63.90730391283022,63.98836835660721,63.214248682717916,63.372314453125,2355900,0.0,0
2017-10-09,63.461485765304104,63.72898360997264,62.57388321621715,62.68331527709961,2673700,0.0,0
2017-10-10,63.02375039616417,63.42904782636458,62.950799827215135,63.339881896972656,2984700,0.0,0
2017-10-11,63.27503557569938,63.761397460569924,63.16155278505579,63.38041687011719,2327700,0.0,0
2017-10-12,63.51010079883646,63.7516614114513,63.258818391981215,63.347984313964844,2485400,0.0,0
2017-10-13,63.67222627546827,63.71275230629929,62.950797372589875,63.01564025878906,3707800,0.0,0
2017-10-16,63.05617458806655,63.303406266511466,62.80489216170704,62.942691802978516,3432300,0.0,0
2017-10-17,63.00753442555634,63.234499972497716,62.69139677449104,62.853519439697266,4373400,0.0,0
2017-10-18,62.74816059831262,62.79030693627019,62.14831585820159,62.49687194824219,3279400,0.0,0
2017-10-19,62.415812770450906,62.487143049961645,61.856500261438356,61.98619842529297,3965000,0.0,0
2017-10-20,62.229385529439234,62.49688340710102,61.702503641399424,62.18075180053711,4761200,0.0,0
2017-10-23,62.31853967808024,62.49687156272406,61.96998359018974,62.464447021484375,4240900,0.0,0
2017-10-24,62.513077036321995,62.7562517806275,62.35906203588497,62.59413528442383,3061500,0.0,0
2017-10-25,62.196959495015456,62.75626586145504,61.79166197922045,62.68331527709961,3927100,0.0,0
2017-10-26,62.89405220506145,63.17776535347736,62.53739467209663,62.65898513793945,2849600,0.0,0
2017-10-27,62.26989688411203,62.79678477986559,61.79569963323822,62.65898513793945,3751800,0.0,0
2017-10-30,62.57793751666537,62.59415288145309,60.96485504386739,61.01348876953125,5216300,0.0,0
2017-10-31,61.75112975390123,62.740056681936935,61.621431580359165,62.68331527709961,4836100,0.0,0
2017-11-01,62.99132301188616,63.11291347231897,62.48065049928564,62.98321533203125,4052600,0.0,0
2017-11-02,62.28610728198545,63.38041531168854,61.20802079737986,63.25071716308594,6533400,0.0,0
2017-11-03,63.1210119385841,63.3804019969494,62.877831053214884,63.22638702392578,4077600,0.0,0
2017-11-06,63.29935126816521,63.40473256064367,62.01861605670737,62.41580581665039,4682000,0.0,0
2017-11-07,62.3590707494004,63.745187393973794,62.002406986697736,63.372314453125,3421700,0.0,0
2017-11-08,63.745179957973015,64.92054004344597,63.40473159747923,64.50714111328125,4058700,0.0,0
2017-11-09,64.24776375677665,64.79896862409899,64.05321649700456,64.36935424804688,3431600,0.0,0
2017-11-10,64.01268972130525,64.75032797367142,64.01268972130525,64.62063598632812,3403000,0.0,0
2017-11-13,64.57198910773526,65.14751071257392,64.52334921108623,64.72599792480469,3237500,0.0,0
2017-11-14,64.47471462299727,64.75031390142377,64.06130952100966,64.34501647949219,2839200,0.0,0
2017-11-15,64.4341986525248,64.75843790868839,63.68845269239312,63.85867691040039,3277400,0.0,0
2017-11-16,64.32031251569737,65.49690557487351,64.14872706686813,65.10470581054688,3028900,0.625,0
2017-11-17,65.06385803222656,65.4233740107388,64.7737991044943,65.06385803222656,4263200,0.0,0
2017-11-20,65.1210751668027,66.15059457666017,65.06387999035543,65.30900573730469,3736700,0.0,0
2017-11-21,65.464222856388,65.60312447440485,65.17007458658536,65.37434387207031,2455600,0.0,0
2017-11-22,65.39885128064685,65.52958037396675,65.03116284846487,65.2190933227539,2923900,0.0,0
2017-11-24,65.57044819248112,65.65215466932455,64.99032410294687,65.17008209228516,1144800,0.0,0
2017-11-27,65.17009398245851,65.39887465288255,64.91679575408409,65.04753112792969,4605000,0.0,0
2017-11-28,65.1210509733849,65.25178631886953,64.31622942493271,64.53276062011719,3165500,0.0,0
2017-11-29,64.50825280057605,66.64082513357555,64.41020751047374,66.25679779052734,4067400,0.0,0
2017-11-30,66.54276033260491,67.14739563490471,65.77470587170822,66.48556518554688,4409700,0.0,0
2017-12-01,66.14239370288556,66.67349510440442,65.60312601809393,66.3548355102539,3360800,0.0,0
2017-12-04,66.44472193618627,67.23728786866602,66.3180759594342,66.93496704101562,2908100,0.0,0
2017-12-05,67.04119638970367,67.39253988555627,65.78289657278513,65.88911437988281,3248000,0.0,0
2017-12-06,65.97898999382464,66.29764963255172,65.56227883787196,65.76654815673828,2582100,0.0,0
2017-12-07,65.50507699070579,65.77471396019602,64.80239010683663,64.84324645996094,2532300,0.0,0
2017-12-08,65.03933654359834,65.1259490110775,63.67890241085663,64.12421417236328,5332600,0.0,0
2017-12-11,63.87907802624183,64.05066344259005,63.07017356808516,64.0343246459961,3988400,0.0,0
2017-12-12,64.00166346241548,64.62263769352438,63.83007798536133,64.50824737548828,3140800,0.0,0
2017-12-13,64.7533741161431,65.03934991595185,64.36117428083048,64.77788543701172,3028300,0.0,0
2017-12-14,64.7778800421943,65.1210509733849,64.4428816285476,64.53276062011719,3321300,0.0,0
2017-12-15,65.20276776053585,65.22727908089664,64.55727597788102,64.99032592773438,6684900,0.0,0
2017-12-18,65.34985049238578,65.66033764737574,64.78606511488279,64.85143280029297,2721100,0.0,0
2017-12-19,64.97398341869388,65.21910909944513,64.05068832430015,64.15690612792969,2889900,0.0,0
2017-12-20,64.39386179968125,64.4592294816029,63.17641833446529,63.225440979003906,3802400,0.0,0
2017-12-21,63.60128070536998,63.870917653952134,62.972134059148715,63.63396453857422,4562400,0.0,0
2017-12-22,63.84642080419611,64.2222756205026,63.633978957134104,63.92812728881836,3091400,0.0,0
2017-12-26,63.830075746562784,64.11605153162263,63.7320242343403,63.821903228759766,2532000,0.0,0
2017-12-27,63.928126222506386,64.22227454928428,63.69117305739058,63.71569061279297,1757300,0.0,0
2017-12-28,63.911785986927185,63.96898114730736,63.503247345981656,63.66666030883789,1883800,0.0,0
2017-12-29,63.48692081683774,64.28765952939294,63.47875452997779,63.53594970703125,2443700,0.0,0
2018-01-02,63.91179390223019,63.98532787448099,62.81690696731881,62.931297302246094,4009000,0.0,0
2018-01-03,63.18458688346023,63.39702248565105,62.833243407461715,62.92312240600586,3369300,0.0,0
2018-01-04,63.10288403093069,63.91178883052771,62.96397614913708,63.65849685668945,3608500,0.0,0
2018-01-05,63.76471085065352,64.00166400683098,63.10288025727139,63.60129165649414,4152500,0.0,0
2018-01-08,63.58494028891095,64.20592063639447,63.58494028891095,64.12421417236328,3126900,0.0,0
2018-01-09,64.1732416442881,64.32031578415874,63.77287557667514,64.23860931396484,3436500,0.0,0
2018-01-10,64.26312367322376,64.26312367322376,63.241777162949404,63.64214324951172,3823700,0.0,0
2018-01-11,63.74836216990234,63.89543631933527,62.93128494723153,63.02116394042969,3493700,0.0,0
2018-01-12,63.20092010498047,63.38067808619501,62.58811220564232,63.20092010498047,4223500,0.0,0
2018-01-16,63.70752636970574,64.48374741220599,63.37252164087968,64.25496673583984,5327800,0.0,0
2018-01-17,64.63899208273999,65.91363080175222,64.37752757028092,65.42338562011719,6547600,0.0,0
2018-01-18,65.49691888226265,65.85642865265167,64.5654450319594,64.76971435546875,3447200,0.0,0
2018-01-19,64.98215487055883,65.33349834917327,64.63081139194439,65.08837890625,3749400,0.0,0
2018-01-22,65.21910538802535,65.73386180774378,65.17008274818683,65.50508117675781,3988300,0.0,0
2018-01-23,65.17008705839083,65.7992338352126,65.0066678584465,65.5867919921875,2833000,0.0,0
2018-01-24,65.77472956538438,65.8482635378891,65.12923768246242,65.25180053710938,3119600,0.0,0
2018-01-25,65.36617934430681,65.72977846755734,64.86122870083915,65.09654235839844,2927300,0.0,0
2018-01-26,65.28447083037604,65.3661773052467,64.05885500590266,64.86775970458984,4772400,0.0,0
2018-01-29,64.68799553677053,65.26811955685032,64.05067636636748,64.07518768310547,3280500,0.0,0
2018-01-30,64.25493899485167,65.08836108043339,64.0833535616562,64.14054870605469,3334300,0.0,0
2018-01-31,64.23862787282387,64.4510635099409,63.60947477957683,64.05069732666016,4855700,0.0,0
2018-02-01,63.83005649667037,64.50822565848847,63.40517297231408,64.19773864746094,3119800,0.0,0
2018-02-02,63.83007632806908,64.009828084741,62.628971786070835,63.070194244384766,5239700,0.0,0
2018-02-05,63.151894057870805,63.68217882705935,60.60670046551639,60.676151275634766,5372900,0.0,0
2018-02-06,60.33297938963166,60.72517920107677,58.87041664049982,60.71700668334961,7556400,0.0,0
2018-02-07,60.332978093722474,61.04383750940851,60.07151363630997,60.096031188964844,6753700,0.0,0
2018-02-08,60.13689417596464,60.49641021950529,58.21676357159256,58.48640060424805,8210800,0.0,0
2018-02-09,58.82956532650614,59.36883933422554,57.39559691584237,58.322975158691406,6871000,0.0,0
2018-02-12,58.4373632513377,59.344319514214,58.38016809213851,58.67431640625,4372900,0.0,0
2018-02-13,58.437358927136835,58.82138621068794,57.751017067533944,58.59260559082031,4043600,0.0,0
2018-02-14,58.29029575395149,58.86225364509442,57.767366743298574,58.76420211791992,5503100,0.0,0
2018-02-15,58.984817183199624,59.46688983803133,57.726517288583764,59.40969467163086,7410900,0.0,0
2018-02-16,57.14638834087445,58.2167576087582,55.27528057633986,57.84907531738281,14988800,0.0,0
2018-02-20,57.832730533437086,57.84907557043487,55.57759543073607,56.12504196166992,8715200,0.0,0
2018-02-21,56.31296778910057,56.32114030782275,55.10369683803912,55.12820816040039,6647900,0.0,0
2018-02-22,55.054663270492966,55.764706099030036,54.78503251367821,55.26710510253906,5972000,0.0,0
2018-02-23,55.5285686961837,56.46820877256317,55.03015107915992,56.39466857910156,5740900,0.0,0
2018-02-26,56.868573249946834,57.19540538461984,56.0188121933188,56.98296356201172,7520500,0.0,0
2018-02-27,56.876748857519054,57.20766415209879,55.44686364522304,55.45503616333008,5412100,0.0,0
2018-02-28,55.78186711012923,56.04333160887956,54.76869295669735,54.785037994384766,6193000,0.0,0
2018-03-01,54.85857001690761,55.55226785418691,54.22125071342014,54.654300689697266,5209600,0.0,0
2018-03-02,54.76052430212013,55.24260320703169,54.35198560438069,54.883087158203125,4820800,0.0,0
2018-03-05,54.51538836257467,55.34063802828584,54.51538836257467,55.09551239013672,3910800,0.0,0
2018-03-06,55.31613018680026,55.45503806416202,54.93210909587371,55.37332534790039,3539400,0.0,0
2018-03-07,55.030150455031766,55.22624724569759,54.523566559661326,55.12002944946289,3316500,0.0,0
2018-03-08,55.396313279248346,55.55301173175521,54.814885508514756,55.24786376953125,3508400,0.625,0
2018-03-09,55.42105013982471,55.75093861643901,54.86849055945287,55.445796966552734,4911000,0.0,0
2018-03-12,55.470548069284995,55.990118271772616,55.338590136659256,55.83341979980469,2653200,0.0,0
2018-03-13,55.9488724419639,56.03959193561547,55.38807017880833,55.56126022338867,3360700,0.0,0
2018-03-14,55.75918758441302,56.00660551501276,54.61283000402631,54.90972900390625,3900900,0.0,0
2018-03-15,54.76128286152057,54.98395397903339,53.70151708739727,53.986045837402344,4870800,0.0,0
2018-03-16,53.97779368657933,54.29943322170387,53.557192012708384,53.90357208251953,7204500,0.0,0
2018-03-19,53.755117756586834,53.903567243479166,52.43557025759873,52.74071502685547,6947200,0.0,0
2018-03-20,52.80669526559606,52.95514476496112,51.80878718901403,52.10568618774414,7502500,0.0,0
2018-03-21,51.569620580105465,51.75930536114296,50.92634148388704,51.12427520751953,7088700,0.0,0
2018-03-22,50.90985131878854,51.09953611686843,49.887202568614335,49.920188903808594,8156600,0.0,0
2018-03-23,50.08513107225472,50.849646380610864,49.44185194510582,49.50782775878906,6316300,0.0,0
2018-03-26,50.208838756449815,50.90984788229765,49.920185534121394,50.8438720703125,5310600,0.0,0
2018-03-27,50.91809807156509,51.11602865841581,49.80472672284248,50.06039047241211,5276500,0.0,0
2018-03-28,50.17585356289549,51.09953703192748,50.102453066929925,50.612953186035156,4778200,0.0,0
2018-03-29,50.95932602765055,51.643840332411344,50.872731015087105,51.37168502807617,5001900,0.0,0
2018-04-02,51.08303763766428,51.132521855909246,49.30989562222638,49.532569885253906,5294200,0.0,0
2018-04-03,49.99441327527996,50.02740275626808,49.05423508946885,49.68102264404297,6325300,0.0,0
2018-04-04,49.309891154910844,50.9865436692491,49.257109881194616,50.621192932128906,4764400,0.0,0
2018-04-05,50.88510849566809,51.05005274843224,50.26656990733999,50.56346893310547,4272700,0.0,0
2018-04-06,50.382030620987685,51.116029252350074,49.61504250941687,49.928436279296875,3932000,0.0,0
2018-04-09,50.21708417548736,50.63769216467249,49.76348985358269,50.0191535949707,4669300,0.0,0
2018-04-10,50.8438731854867,50.98407375531138,49.994411385428556,50.51398468017578,4667400,0.0,0
2018-04-11,50.18409722833412,50.99232376870725,50.12636721060032,50.75315475463867,3852600,0.0,0
2018-04-12,50.744907510949815,50.88923570616785,50.126368889330045,50.258323669433594,5145800,0.0,0
2018-04-13,50.36553025299574,50.41501446777896,49.887195427623155,50.2418212890625,3746000,0.0,0
2018-04-16,49.4995779990737,50.563465044225545,49.417104306009776,50.46449661254883,5446000,0.0,0
2018-04-17,50.876853942871094,50.975822371247006,50.38202438518996,50.876853942871094,4444100,0.0,0
2018-04-18,50.8521130193699,50.967573038874654,49.77173127991195,50.13460922241211,5525800,0.0,0
2018-04-19,50.10161924416113,50.21707926250814,49.177935951335485,49.260406494140625,7461800,0.0,0
2018-04-20,49.35937531902487,49.6133905236777,47.462524383855154,48.01508712768555,9765800,0.0,0
2018-04-23,47.83364216420314,47.990337445611544,47.34705843703565,47.569732666015625,7905100,0.0,0
2018-04-24,47.792412475488376,47.83364774951076,46.274931110696386,46.62131118774414,8266800,0.0,0
2018-04-25,46.61306046266648,47.33881316371113,46.42337570538027,46.885215759277344,6766600,0.0,0
2018-04-26,47.03366804323487,47.39324578232546,46.60481429194099,47.28108596801758,5147400,0.0,0
2018-04-27,47.36356075886275,48.04807514626625,47.30583074351727,47.553245544433594,4096100,0.0,0
2018-04-30,47.75118401414839,47.965609357286816,46.4811172583395,46.49761199951172,6761600,0.0,0
2018-05-01,46.448134000454836,46.54709931470016,45.60692096424301,45.93680953979492,6350200,0.0,0
2018-05-02,46.085248969586395,46.14297898573004,44.625497534132954,44.69972229003906,9045100,0.0,0
2018-05-03,46.406883926100996,46.51409815089599,45.310007436085954,45.31825637817383,10380800,0.0,0
2018-05-04,45.35948870297856,48.20476635082983,45.10382499771126,47.841888427734375,9221300,0.0,0
2018-05-07,48.246014701659945,48.860428879787015,47.99035092707306,48.51817321777344,7337400,0.0,0
2018-05-08,48.4027077550501,48.76558575950116,47.520259574126136,48.4604377746582,7163200,0.0,0
2018-05-09,48.608873120113756,48.922266810916305,47.90786414584277,48.2295036315918,5002300,0.0,0
2018-05-10,48.452195250340154,48.947024922136265,48.287250977724675,48.69136428833008,3934200,0.0,0
2018-05-11,48.633629892596524,49.367628536395145,48.633629892596524,48.85630416870117,3980300,0.0,0
2018-05-14,48.963518434164406,49.1532032417902,48.592394616613845,48.8892936706543,4228700,0.0,0
2018-05-15,48.790329593479235,49.06248811520233,48.34498100123254,48.69136428833008,5662600,0.0,0
2018-05-16,48.70785624460044,48.92228158450237,48.270753475259724,48.89754104614258,4334000,0.0,0
2018-05-17,48.94336981030799,49.043389428461666,48.109865573372595,48.39325714111328,4694100,0.625,0
2018-05-18,48.01817855789217,48.05985313292247,46.438687681583566,47.3347053527832,9529000,0.0,0
2018-05-21,47.509749710586455,47.80147497207032,46.844612934836356,47.05132293701172,4588300,0.0,0
2018-05-22,47.1596794128418,47.72312728074232,46.8512805025204,47.1596794128418,4179500,0.0,0
2018-05-23,46.92629312590508,47.576428665172386,46.92629312590508,47.49307632446289,3134900,0.0,0
2018-05-24,47.50974201856847,47.64310257073618,46.992970276364375,47.55975341796875,2750600,0.0,0
2018-05-25,47.60976738122633,48.44327172771626,47.593096912748514,48.151546478271484,3296000,0.0,0
2018-05-29,47.984845306224344,48.226562331480714,47.459736674011104,47.8431510925293,4231400,0.0,0
2018-05-30,48.05153070350628,49.22677179919729,47.87649236022438,49.043399810791016,5587300,0.0,0
2018-05-31,49.00172779894027,49.12675155977246,47.63478099794514,47.90983581542969,6787400,0.0,0
2018-06-01,48.043192106280266,48.493285235998556,47.743130019801406,48.05152893066406,4745600,0.0,0
2018-06-04,48.21822401628681,48.89336366539705,48.13487485546332,48.693321228027344,3626300,0.0,0
2018-06-05,48.99337972911822,49.003382645150474,48.065690346070824,48.27656555175781,4920300,0.0,0
2018-06-06,48.41826293032662,48.41826293032662,47.51807679701826,48.27656555175781,4826800,0.0,0
2018-06-07,47.93483857552653,48.47661772917302,47.56809776940045,48.068199157714844,4501800,0.0,0
2018-06-08,48.16821739509747,48.835020242582644,48.06819458329961,48.73500061035156,4266700,0.0,0
2018-06-11,48.843356201931414,50.12695373140269,48.82668891207531,49.91024398803711,5252000,0.0,0
2018-06-12,50.20196124597247,50.55203468887978,49.41846838547162,50.11027526855469,4309300,0.0,0
2018-06-13,50.310333255705146,50.57705444731443,49.718545810544995,50.09362030029297,3477900,0.0,0
2018-06-14,50.33532631595471,50.85209811372546,49.96024872903775,50.56870651245117,3572700,0.0,0
2018-06-15,50.685408057239655,51.37721511521898,50.33533452582999,51.352210998535156,7616400,0.0,0
2018-06-18,51.20217236257941,52.21904868481077,50.40200895143018,50.735408782958984,4491300,0.0,0
2018-06-19,50.50202572592562,51.902313206002916,50.42701021165124,51.7939567565918,5974300,0.0,0
2018-06-20,51.9023219866642,52.79417148526935,51.67727540576845,52.54412078857422,6027600,0.0,0
2018-06-21,52.5524521863956,52.67747911917951,51.88564929720436,52.15237045288086,4956000,0.0,0
2018-06-22,52.352410251227575,52.885852535495026,52.22738332479191,52.68581008911133,4247200,0.0,0
2018-06-25,52.385736908244844,53.794361019926455,52.36073280008306,52.77748489379883,4976500,0.0,0
2018-06-26,52.99420899310149,53.01921310656189,51.968995827289376,52.68581008911133,4190400,0.0,0
2018-06-27,52.50243802309769,53.19007653699119,52.10235315523366,52.252384185791016,3250100,0.0,0
2018-06-28,52.3774083981768,52.77749006580255,52.09818523112025,52.21904373168945,3688000,0.0,0
2018-06-29,52.435759997097996,52.70248114218854,51.78562760338567,52.36074447631836,3812500,0.0,0
2018-07-02,52.094017818672675,52.16903333151422,51.277184000823866,51.752281188964844,3666600,0.0,0
2018-07-03,51.95232811701949,52.619130966950216,51.95232811701949,52.21071243286133,1674000,0.0,0
2018-07-05,52.74415132370994,53.34427543986979,52.2107090780419,53.3026008605957,2834300,0.0,0
2018-07-06,53.34427539047213,53.861050347605264,53.06921744429804,53.70268249511719,3330000,0.0,0
2018-07-09,53.8860581212506,53.96940728538587,53.02754646873672,53.31927490234375,3079900,0.0,0
2018-07-10,53.62766100940098,53.62766100940098,52.78582628579443,53.34427261352539,3112900,0.0,0
2018-07-11,53.26926150089585,53.57765721212538,52.93585849770896,53.127567291259766,2520900,0.0,0
2018-07-12,53.28593701191102,53.3859598300731,52.75249469998118,53.044219970703125,2659900,0.0,0
2018-07-13,53.0442183828455,53.836045002406905,52.92752827804979,53.21925354003906,3997900,0.0,0
2018-07-16,53.25259287949271,53.335945222963296,52.169037850909426,52.21071243286133,4164900,0.0,0
2018-07-17,52.210711618721476,52.82750623251875,52.13569610055109,52.55244827270508,5032300,0.0,0
2018-07-18,52.552448732326575,52.660805188312985,51.29385856042331,51.335533142089844,5196400,0.0,0
2018-07-19,51.102151191724474,51.68560167421625,50.74374407844143,51.12715530395508,6839500,0.0,0
2018-07-20,51.068810778015674,51.160496763221154,50.46868664181014,50.58537673950195,5809500,0.0,0
2018-07-23,50.34367111059677,50.75208651912849,50.126958168481515,50.260318756103516,4857500,0.0,0
2018-07-24,50.26031141745636,50.40200880962166,49.30178332749533,49.73520278930664,6374000,0.0,0
2018-07-25,49.76854326500627,50.143620853065755,49.126744543119315,49.87689971923828,3713900,0.0,0
2018-07-26,50.610381785180486,51.42721561233416,50.20196328182037,50.41033935546875,4082200,0.0,0
2018-07-27,50.51036611467566,50.88461068957773,49.91607960536158,50.22697448730469,3771100,0.0,0
2018-07-30,50.093613666497625,50.52703634035729,49.86023344963741,50.24364471435547,3743100,0.0,0
2018-07-31,50.518697624680236,50.98545801155153,50.018593122161,50.21863555908203,6484800,0.0,0
2018-08-01,50.01026905199365,50.093618228586735,49.385140688843734,49.4101448059082,4013200,0.0,0
2018-08-02,49.260108491267694,49.71853845234428,48.54579652174637,49.510162353515625,6445100,0.0,0
2018-08-03,50.84376762626097,54.16944835109336,50.326995796403935,53.74436569213867,16199700,0.0,0
2018-08-06,53.21924963489872,53.44429936272937,51.802294832562495,51.92731857299805,7453200,0.0,0
2018-08-07,52.09402043712251,52.127361373298264,50.906277407069446,51.1104850769043,6542400,0.0,0
2018-08-08,50.07694637635074,50.718741972716316,49.59351229334947,50.24364471435547,11053800,0.0,0
2018-08-09,50.36033184020198,50.527033347900826,49.743540395153104,50.01026153564453,6568700,0.0,0
2018-08-10,49.81022300750612,50.01026546838917,49.26011021453652,49.71854019165039,5118000,0.0,0
2018-08-13,49.57684633866164,49.76855198847954,49.035070331672074,49.4101448059082,5790400,0.0,0
2018-08-14,49.59351324578628,50.060276868037825,49.535168190450726,49.61018371582031,4439900,0.0,0
2018-08-15,49.64352190943761,49.66019237854937,49.16008784389729,49.251773834228516,5299600,0.0,0
2018-08-16,49.67719477734373,50.6712443582171,49.55925723614807,50.570152282714844,6261800,0.625,0
2018-08-17,50.79759714829018,51.648437650517174,50.35111846138397,51.404136657714844,6417000,0.0,0
2018-08-20,51.412567551917476,51.96182229024528,51.05875492428381,51.08402633666992,4647000,0.0,0
2018-08-21,51.176688582051405,51.176688582051405,50.199487743430225,50.410091400146484,4849800,0.0,0
2018-08-22,50.52802910573086,50.629117961502864,49.988884256871124,50.16579055786133,3224800,0.0,0
2018-08-23,49.9214912952596,50.1152494948252,49.49186123298932,49.53398132324219,5179800,0.0,0
2018-08-24,49.63506368280754,50.05627095729256,49.500277483514594,49.72772979736328,4513200,0.0,0
2018-08-27,49.99730782570349,50.435363826120295,49.8540988787602,50.182640075683594,3496800,0.0,0
2018-08-28,50.13209870110518,50.43536851524786,49.52556228637695,49.52556228637695,4293500,0.0,0
2018-08-29,49.61822481497756,50.01415752040217,49.3318037017146,49.9551887512207,5188900,0.0,0
2018-08-30,49.81196905683703,50.18263027081927,48.99903895583503,49.045372009277344,5063800,0.0,0
2018-08-31,49.15910217886186,49.34022144117783,48.548352896908014,49.08749771118164,5520300,0.0,0
2018-09-04,49.23913950408823,49.382348459552354,47.63855030016044,47.73121643066406,6918700,0.0,0
2018-09-05,47.72278771029372,48.619116138073046,47.41951794435143,48.01763153076172,7064200,0.0,0
2018-09-06,48.05133254185951,48.228238847601425,47.22576656817368,47.849151611328125,8822100,0.0,0
2018-09-07,47.75648520495331,47.78175982959436,47.31842920267181,47.672245025634766,6815900,0.0,0
2018-09-10,47.93338561689382,48.42198434852038,47.85756818448809,48.21980667114258,8285300,0.0,0
2018-09-11,48.312481350802535,48.746327617019666,47.75648778204911,48.65787124633789,7617300,0.0,0
2018-09-12,49.05380599060879,50.14894442207061,48.69156742437463,49.80355453491211,6699000,0.0,0
2018-09-13,49.91306490172746,50.46905840753355,49.618221078026,50.1152458190918,5891500,0.0,0
2018-09-14,49.955195522123816,50.004899613489016,49.36550453682576,49.67720031738281,3953700,0.0,0
2018-09-17,48.87690060634974,49.272836538233996,48.607328163147656,49.1548957824707,7494000,0.0,0
2018-09-18,48.733682428866004,48.90216598848066,47.49533517484502,48.101871490478516,7285100,0.0,0
2018-09-19,48.28721496157958,48.396729782841554,47.86600757132605,47.92497634887695,5079400,0.0,0
2018-09-20,48.25351314342449,48.812877740036036,48.202970317937854,48.4978141784668,5364600,0.0,0
2018-09-21,48.80107412176627,48.80949685312593,48.05974843341671,48.118717193603516,11543500,0.0,0
2018-09-24,48.01764378462511,48.27036758288533,47.373196974316436,47.613285064697266,4729000,0.0,0
2018-09-25,47.722789650253326,47.88537312725958,46.83825172577911,46.888797760009766,3813200,0.0,0
2018-09-26,47.099409149974456,47.10783188361764,46.39178062232728,46.47602081298828,5436500,0.0,0
2018-09-27,46.425469620042584,46.98567610632806,45.75996130762331,46.36650085449219,7881900,0.0,0
2018-09-28,46.31595745432008,46.70346742527042,45.82735862432985,46.425472259521484,6505300,0.0,0
2018-10-01,46.74559581714365,47.12047012321305,46.5223532093605,46.787715911865234,6208700,0.0,0
2018-10-02,46.81298310284185,47.419522695497996,46.720316974679726,47.11625289916992,3930000,0.0,0
2018-10-03,47.23419662699376,47.59643524077807,46.6529315835888,46.838260650634766,5395100,0.0,0
2018-10-04,46.71189380988918,47.074132372868895,46.45074410689823,46.7708625793457,4349500,0.0,0
2018-10-05,46.922492436573236,47.208913520410164,46.52655655826897,47.082550048828125,4163400,0.0,0
2018-10-08,47.048859670469696,48.278787573750726,47.048859670469696,48.06818389892578,6060700,0.0,0
2018-10-09,48.27036548658657,48.422000401668946,46.829837006861275,47.234195709228516,8535700,0.0,0
2018-10-10,47.015164602007836,48.04290832976266,46.947769884879264,46.95619583129883,7799600,0.0,0
2018-10-11,47.14994935839812,47.36897575514982,45.12815289712859,45.3387565612793,9593800,0.0,0
2018-10-12,45.43985036672308,45.852635007358,44.673253074307276,45.69257736206055,9452500,0.0,0
2018-10-15,45.532513806495906,46.29911105350919,45.532513806495906,45.886329650878906,4829800,0.0,0
2018-10-16,46.088509761446325,46.888804409020956,45.903180703433755,46.70347213745117,4813700,0.0,0
2018-10-17,46.678192285323696,48.034480288868764,46.585526166290435,47.512184143066406,7094000,0.0,0
2018-10-18,47.52061584340396,47.950245951255695,46.695049775343406,46.787715911865234,6075400,0.0,0
2018-10-19,47.301590448766916,48.6536657640691,47.25946713957437,48.48939514160156,8880700,0.0,0
2018-10-22,48.57362896994994,48.92744479676377,47.25103821620145,47.35212707519531,7390000,0.0,0
2018-10-23,47.34370394552488,47.90053943756066,46.77928445929942,47.680667877197266,6429000,0.0,0
2018-10-24,47.52903594739166,48.33775650366708,46.926712520437675,46.989891052246094,5833800,0.0,0
2018-10-25,46.97303492358227,47.63012047220257,46.61922234733458,47.15836715698242,5712800,0.0,0
2018-10-26,46.7624377976316,46.82140978211362,45.7431167990054,46.0379638671875,6480000,0.0,0
2018-10-29,46.47601551850619,47.267887360162725,46.096931490159115,46.7708625793457,6301400,0.0,0
2018-10-30,46.85509605362363,47.537452991379,46.61079827808239,47.048851013183594,6015500,0.0,0
2018-10-31,46.75400813848329,46.79191525122358,45.296631333487085,46.30752944946289,8888100,0.0,0
2018-11-01,46.44232080044004,47.59642797726087,46.00426479449152,47.34370422363281,7427700,0.0,0
2018-11-02,44.016169470164634,44.243621832000954,42.466968196465665,42.73569869995117,22310600,0.0,0
2018-11-05,43.02211481527311,44.64797530516851,42.9968434047593,44.13410186767578,10481500,0.0,0
2018-11-06,44.4542231549601,45.25451774557497,44.16780203453657,45.03548812866211,6724000,0.0,0
2018-11-07,45.36402516072338,45.51566004659726,44.56373385740274,45.11130142211914,5379400,0.0,0
2018-11-08,44.85858405611147,45.15342792410906,44.59743433477278,44.90913009643555,5031800,0.0,0
2018-11-09,44.95124580188055,45.61254116716987,44.70694478449805,45.48196792602539,5712700,0.0,0
2018-11-12,45.51566835616696,46.22329688158107,45.077612296286105,45.212398529052734,5540900,0.0,0
2018-11-13,45.27978254439445,45.71783850068328,44.63112294836425,44.96809005737305,5511400,0.0,0
2018-11-14,45.01021584618136,45.11973065252011,43.9487715677899,44.34470748901367,5601600,0.0,0
2018-11-15,44.33192252884998,44.56210790147177,43.86302784484431,44.32339859008789,6902900,0.625,0
2018-11-16,44.34044302081424,45.09920359847599,44.13583598472472,44.400123596191406,11005000,0.0,0
2018-11-19,44.30634844118677,44.96280231419457,44.10173813249231,44.23814392089844,6378100,0.0,0
2018-11-20,44.37454680356996,44.64309801940683,43.23214718091129,43.42823028564453,5967000,0.0,0
2018-11-21,43.50496440893,43.88860672999576,43.24068000610638,43.61579513549805,4154900,0.0,0
2018-11-23,43.50495395051252,43.905647306430645,43.33444918406818,43.51348114013672,2018700,0.0,0
2018-11-26,43.95680319210023,44.09320896432939,43.4367551691734,43.539058685302734,4527200,0.0,0
2018-11-27,43.41969758308822,44.208293438126425,43.12557135927189,44.16140365600586,5269200,0.0,0
2018-11-28,43.75219384962974,43.82892230142119,43.15541736371514,43.63283920288086,6212700,0.0,0
2018-11-29,43.445278146588656,44.03779101150024,43.3344506949697,43.641361236572266,4840300,0.0,0
2018-11-30,43.57316017475892,43.72661707233801,43.29182144514056,43.58168411254883,6402800,0.0,0
2018-12-03,43.820400243139055,44.04205841772866,43.37708064178949,43.83744812011719,5849600,0.0,0
2018-12-04,43.82040265007124,44.06763590587823,42.50749490305668,42.609798431396484,6460000,0.0,0
2018-12-06,42.62684966017842,42.82293277835478,41.36509530049761,42.21763229370117,8413300,0.0,0
2018-12-07,42.115321598394026,42.57995261958222,41.36082466658551,41.527069091796875,5152600,0.0,0
2018-12-10,41.65495925136104,41.7743139136241,40.23122073909451,41.15196228027344,7708700,0.0,0
2018-12-11,41.52706680703495,42.03859083907042,41.032597153454105,41.245731353759766,6550200,0.0,0
2018-12-12,41.73168520610286,41.919241127461426,41.117857548859156,41.1434326171875,7351700,0.0,0
2018-12-13,41.237212156008994,41.46057772580617,40.921774389034574,41.32246780395508,4683500,0.0,0
2018-12-14,41.22867967536518,41.30540811653451,40.38807834858175,40.461395263671875,5653400,0.0,0
2018-12-17,40.49550449086502,40.908985425487415,39.53213684184306,39.91577911376953,7994300,0.0,0
2018-12-18,40.05217781585826,40.27383920143242,39.11438865212993,39.344573974609375,7852600,0.0,0
2018-12-19,39.6429682371674,39.96693318928314,38.253332095880495,38.44089126586914,11399300,0.0,0
2018-12-20,38.43236104791752,38.773373821432614,37.86968362988642,38.23627471923828,11469400,0.0,0
2018-12-21,38.406789588755665,39.13144795966527,37.46558870217825,37.55425262451172,13230600,0.0,0
2018-12-24,37.56277457758914,37.69918034276083,36.181662546534504,36.26691818237305,5241100,0.0,0
2018-12-26,36.369227091042426,36.90632629394531,35.46553673005016,36.90632629394531,9547100,0.0,0
2018-12-27,36.84664322913817,37.3325889672851,36.04525651894012,37.307010650634766,9022000,0.0,0
2018-12-28,37.417850197598504,37.98052451439808,36.991581677230016,37.14503860473633,8321800,0.0,0
2018-12-31,36.58235700976954,37.01714938308706,36.09641125340345,36.69318771362305,9206000,0.0,0
2019-01-02,36.44595102541333,37.27291282621654,36.04952125259396,36.94894790649414,6417800,0.0,0
2019-01-03,36.786972203210986,37.40932381199364,36.642039224633926,36.923377990722656,7613500,0.0,0
2019-01-04,37.579834635246264,38.057253300716205,37.08536158638583,37.92937469482422,6452600,0.0,0
2019-01-07,37.92936529549794,38.9694580247898,37.520144751974975,38.6454963684082,6711400,0.0,0
2019-01-08,38.88421005695611,38.98992510502175,38.398264265038804,38.67959976196289,8308100,0.0,0
2019-01-09,38.62845157536496,38.76485736151591,38.16808082754157,38.47499465942383,6628800,0.0,0
2019-01-10,38.4920400357738,38.93535633537364,38.18512624976622,38.87567901611328,6153000,0.0,0
2019-01-11,39.03766941171623,39.10416654219265,38.18086882925107,38.884212493896484,4879400,0.0,0
2019-01-14,38.85011085267871,39.57476600223674,38.73928013200576,39.42983627319336,7977200,0.0,0
2019-01-15,39.779377492822505,40.00103568857029,39.42131350303669,39.99251174926758,6086900,0.0,0
2019-01-16,40.06924041999133,40.359103140350435,39.76232656876749,39.93283462524414,8449400,0.0,0
2019-01-17,40.0010268968582,40.15448378794446,39.48098215725472,40.13743591308594,7363900,0.0,0
2019-01-18,40.42729662678049,40.75126154648495,40.0692327040835,40.52107620239258,6141000,0.0,0
2019-01-22,40.78536324602972,40.83651662807673,39.651487668595884,40.30794143676758,6959800,0.0,0
2019-01-23,40.521078165987944,40.66601113136716,39.71117070573488,40.12038803100586,5213900,0.0,0
2019-01-24,39.71117287635495,40.13317775795591,39.557715964469075,39.67707061767578,6063000,0.0,0
2019-01-25,39.932830444519055,40.27384652177004,39.77937353497314,39.856101989746094,5422000,0.0,0
2019-01-28,39.88167912110716,40.16301788722371,39.26785470332921,39.983985900878906,6545800,0.0,0
2019-01-29,40.1033438174089,40.290899757891005,39.566244562557046,39.96693801879883,4440500,0.0,0
2019-01-30,40.06923622498538,40.188590876372125,39.660018883586396,39.856101989746094,5414300,0.0,0
2019-01-31,40.04365422916124,41.0070184642004,40.01807591388222,40.97291946411133,8319600,0.0,0
2019-02-01,41.0411318808825,41.12638753472173,40.51682343149657,40.717166900634766,4740200,0.0,0
2019-02-04,40.76832163506195,40.904727433524634,40.401730441911475,40.691593170166016,6251500,0.0,0
2019-02-05,40.5978066685794,41.05817737964963,40.46140089331825,41.0411262512207,6145700,0.0,0
2019-02-06,40.87913971907027,40.98144322323304,40.48270998174853,40.65747833251953,5012400,0.0,0
2019-02-07,40.128921645630676,40.66005320361381,39.91578736739717,40.26532745361328,9556900,0.0,0
2019-02-08,40.23973712927701,40.47844638972837,39.76231535620454,40.461395263671875,5278600,0.0,0
2019-02-11,40.49550421059384,40.70863844328118,39.96693222413693,40.3505744934082,5152500,0.0,0
2019-02-12,40.5722291502036,41.32246249488775,40.495500702995336,41.01554870605469,5363900,0.0,0
2019-02-13,41.18606199294311,41.279838327367884,40.589285466385796,40.61486053466797,6021400,0.0,0
2019-02-14,40.47845117142458,40.63190807189102,39.975454275933515,40.35909652709961,4390000,0.0,0
2019-02-15,40.768316879120576,40.99850224695546,40.35909953147092,40.597808837890625,5758800,0.0,0
2019-02-19,40.768311311072004,41.24573311087655,40.60633048272025,40.725685119628906,7443900,0.0,0
2019-02-20,40.836522040736085,41.34804292032555,40.606336669269695,41.1434326171875,7048900,0.0,0
2019-02-21,41.25426545130233,41.484450834585026,40.79389468473694,41.075233459472656,10117900,0.0,0
2019-02-22,30.56345259854351,30.69133445966042,29.421052796902647,29.796171188354492,135204800,0.0,0
2019-02-25,29.838796441265192,30.19686043751843,29.037412793338387,29.182342529296875,47394300,0.0,0
2019-02-26,29.19086864919411,29.42105077995117,28.16782358690582,28.236024856567383,36361600,0.0,0
2019-02-27,28.261601433648053,28.34685382850472,27.323808829372723,27.451690673828125,28284100,0.0,0
2019-02-28,27.639248097514546,28.679344282670538,27.12772719618864,28.29570198059082,39658300,0.0,0
2019-03-01,28.483257014876163,28.55146152627989,27.579566751797387,27.622196197509766,20796800,0.0,0
2019-03-04,28.048466066002483,28.60261311461939,27.937635355410993,28.329801559448242,19256700,0.0,0
2019-03-05,28.45768650705484,28.466210446260476,27.843858814789183,28.167823791503906,13556300,0.0,0
2019-03-06,28.244549605577255,28.304226930934806,27.920584659228894,28.01436424255371,8978600,0.0,0
2019-03-07,28.16107954574353,28.16107954574353,27.45338326653649,27.52242660522461,15205600,0.4,0
2019-03-08,27.349820991877586,27.87627586884983,27.272147024662754,27.70366668701172,12460800,0.0,0
2019-03-11,27.608733755715548,27.78134129541425,27.316161696045626,27.764080047607422,12449900,0.0,0
2019-03-12,27.789972023177768,27.97983915402303,27.493085491094078,27.608732223510742,10361500,0.0,0
2019-03-13,27.67777660835824,27.884908286108367,27.531059296857077,27.87627601623535,8688600,0.0,0
2019-03-14,27.910798351984603,28.048885038948033,27.487907667393703,27.505168914794922,8199900,0.0,0
2019-03-15,27.574212401606612,27.807234304364826,27.315298627611988,27.695037841796875,16516500,0.0,0
2019-03-18,27.44475581784218,27.703667956339032,27.211735551644303,27.64325523376465,13719500,0.0,0
2019-03-19,27.591476311381196,28.03162831439091,27.51380233166634,27.729564666748047,10194500,0.0,0
2019-03-20,27.70367000154621,27.77271499944069,27.392975741637812,27.634628295898438,10093500,0.0,0
2019-03-21,27.651887044369666,28.350949477467008,27.548321203018414,28.264646530151367,11186100,0.0,0
2019-03-22,28.33369485748018,28.350952815177934,27.78134473599503,27.867650985717773,12098300,0.0,0
2019-03-25,27.850387830395796,28.083409750334862,27.64325613747888,28.048887252807617,7663500,0.0,0
2019-03-26,28.083408128595984,28.52355842378794,28.05751461082254,28.39410400390625,7464000,0.0,0
2019-03-27,28.394106925812736,28.64438681357104,27.971214542623333,28.169713973999023,8391900,0.0,0
2019-03-28,28.22150011982202,28.50630253085826,28.204238868812705,28.38547706604004,6537800,0.0,0
2019-03-29,28.19560077441219,28.523557891367645,28.092036581990687,28.178342819213867,8130000,0.0,0
2019-04-01,28.307799399768832,28.463147346394877,27.97552941474714,28.048887252807617,7969100,0.0,0
2019-04-02,28.100667125719305,28.247382781617056,27.634623350080368,27.6864070892334,9344000,0.0,0
2019-04-03,27.82449709001591,27.92806128844034,27.6346266493657,27.833126068115234,8430300,0.0,0
2019-04-04,27.876275920300433,28.299168251972013,27.71229900798705,28.212862014770508,7574200,0.0,0
2019-04-05,28.212860925840587,28.65301448796389,28.152448208254437,28.627120971679688,8852400,0.0,0
2019-04-08,28.67890497066615,28.799730406928212,28.445883075483795,28.64438247680664,6571100,0.0,0
2019-04-09,28.61849786400224,28.678910593978898,28.35095342250071,28.437259674072266,6398800,0.0,0
2019-04-10,28.463146209716797,28.540820179927902,28.22149532116955,28.463146209716797,6323800,0.0,0
2019-04-11,28.54944901579914,28.648697064979476,28.307794864074676,28.47177505493164,6022200,0.0,0
2019-04-12,28.583968730391124,28.756577901232976,28.402730582517922,28.540817260742188,5278400,0.0,0
2019-04-15,28.558082959658293,28.63575693403529,28.342322285527374,28.601234436035156,5232900,0.0,0
2019-04-16,28.540820951786056,28.911929564803554,28.48903720616273,28.514930725097656,4618200,0.0,0
2019-04-17,28.523563781867576,28.575347534895528,28.350954564021404,28.38547706604004,6532700,0.0,0
2019-04-18,28.497666537523955,28.549450277806695,28.350947586179277,28.44588279724121,6834200,0.0,0
2019-04-22,28.937818493452834,29.153579152168696,28.31643003507868,28.39410400390625,10441400,0.0,0
2019-04-23,28.41999764783417,28.631442196979602,28.35095264846199,28.566713333129883,9615900,0.0,0
2019-04-24,28.35958161452343,28.39410411018632,27.901304209051528,28.27327537536621,8443100,0.0,0
2019-04-25,28.195601270328133,28.25601728357014,27.997101859593,28.066146850585938,6196300,0.0,0
2019-04-26,28.22149445160476,28.56670952571452,28.113614123649274,28.532190322875977,6908200,0.0,0
2019-04-29,28.61849518295157,28.761760584116725,28.50629871254282,28.713430404663086,5963400,0.0,0
2019-04-30,28.74794895564784,28.88603563402315,28.532188314921036,28.687536239624023,9695000,0.0,0
2019-05-01,28.65301319954046,28.97233801988638,28.419991316937963,28.47177505493164,7402700,0.0,0
2019-05-02,28.221495280058114,28.333691746254367,27.462016827127712,27.77271270751953,12276800,0.0,0
2019-05-03,27.919426763650858,28.186971154577286,27.64756953014627,28.117929458618164,6995800,0.0,0
2019-05-06,27.919424644508318,28.428619871012067,27.884905445271958,28.281904220581055,10303800,0.0,0
2019-05-07,28.161083723647884,28.445886097631252,27.7899751058464,28.048887252807617,8719100,0.0,0
2019-05-08,28.048888526854036,28.152452731893337,27.841756824528712,27.988475799560547,5778600,0.0,0
2019-05-09,27.876275292145625,28.169709907525945,27.591471300290973,28.117929458618164,6838900,0.0,0
2019-05-10,28.100668851836165,28.2473845167461,27.332559801781432,28.178342819213867,9250000,0.0,0
2019-05-13,27.867647653451446,27.988473096368818,27.462016558874783,27.591472625732422,7944100,0.0,0
2019-05-14,27.686408753753092,27.962582128014034,27.600102516642604,27.850385665893555,7267300,0.0,0
2019-05-15,27.78997435116791,27.997102746213375,27.496539714648105,27.962583541870117,5744000,0.0,0
2019-05-16,27.9366902706623,28.247386158227947,27.867648569117993,28.01436424255371,5135600,0.0,0
2019-05-17,27.971211502046657,28.36821032164276,27.79428947489363,28.07477569580078,5852500,0.0,0
2019-05-20,27.89353632207396,27.92805881590792,27.3066670958815,27.436124801635742,9077200,0.0,0
2019-05-21,27.548321280536165,27.772712565659287,27.211735175913088,27.6001033782959,6531900,0.0,0
2019-05-22,27.60010426380906,27.712300733031903,27.36276785816218,27.5137996673584,6141600,0.0,0
2019-05-23,27.367080287883397,27.41023340592313,26.926930006740083,27.142690658569336,7162100,0.0,0
2019-05-24,27.28941038917475,27.384343965039786,26.78021507398459,26.849258422851562,8283900,0.0,0
2019-05-28,26.84062679677881,26.85788804488218,25.03686752305718,25.080018997192383,24476400,0.0,0
2019-05-29,24.93330384098904,24.985087589786126,24.536304976951577,24.752065658569336,13150600,0.0,0
2019-05-30,24.752066668202605,24.77832309561039,23.850558710454102,23.98184585571289,15970500,0.4,0
2019-05-31,23.868058935635762,24.226911167295622,23.596730335575856,24.200653076171875,10453400,0.0,0
2019-06-03,24.226912945503695,24.935864763817843,24.218160247820016,24.874597549438477,12485500,0.0,0
2019-06-04,24.935867164630167,25.14767812851165,24.857094547299255,25.093412399291992,11999700,0.0,0
2019-06-05,25.250957528809863,25.250957528809863,24.74331270223921,24.91836166381836,12103200,0.0,0
2019-06-06,24.892104960012794,25.067153919638777,24.655787111640873,25.049650192260742,9267400,0.0,0
2019-06-07,25.119669221801843,25.338481665652356,25.04089660846314,25.154678344726562,11638400,0.0,0
2019-06-10,26.345016493485385,26.695116042123775,26.1262040669106,26.528818130493164,24143900,0.0,0
2019-06-11,26.52006861364946,26.563832105856765,26.082443708015596,26.467554092407227,17107800,0.0,0
2019-06-12,26.441296775655665,26.58133828543608,26.231237015094916,26.37127685546875,13485300,0.0,0
2019-06-13,26.345015612113936,26.85266035800795,26.345015612113936,26.616342544555664,10592300,0.0,0
2019-06-14,26.686363344732023,26.721374134299026,26.2399857941907,26.528818130493164,11839700,0.0,0
2019-06-17,26.581338785435975,26.63822882394093,26.362526322060134,26.406288146972656,7957600,0.0,0
2019-06-18,26.63385048182825,26.686365000029788,26.36252352347946,26.493810653686523,10298700,0.0,0
2019-06-19,26.406286081844314,27.137118851048985,26.35377156217491,27.097732543945312,11185600,0.0,0
2019-06-20,27.264030206980422,27.452209042500364,27.062723159021658,27.246524810791016,8706200,0.0,0
2019-06-21,27.229020689577787,27.570367563294226,26.949815801205165,27.5528621673584,12099000,0.0,0
2019-06-24,27.430326187671962,27.55286061349948,26.681988082385896,26.712621688842773,10618400,0.0,0
2019-06-25,26.598839807158093,27.001455566892396,26.566456661004395,26.852663040161133,7514700,0.0,0
2019-06-26,26.61634294292661,27.08897857690519,26.397530520397186,26.992700576782227,7541900,0.0,0
2019-06-27,26.85266392375204,26.983951058856956,26.738880515763018,26.93143653869629,5051500,0.0,0
2019-06-28,27.045219017349805,27.194011553048696,26.85266465855393,27.167755126953125,7589100,0.0,0
2019-07-01,27.360309419999,27.51785465382,26.546326824861538,26.66010856628418,8090900,0.0,0
2019-07-02,26.633849080980415,26.81765071972169,26.458798470307094,26.712621688842773,8013900,0.0,0
2019-07-03,26.99270072193141,27.421572872066523,26.81590057739243,27.351552963256836,7003100,0.0,0
2019-07-05,27.316545366954387,27.320922550807655,26.71612495434957,27.123991012573242,5234200,0.0,0
2019-07-08,27.123990125827838,27.176504644504693,26.765137854290835,26.86141586303711,4360000,0.0,0
2019-07-09,26.78264326120743,26.966444911354376,26.6382262480293,26.695117950439453,5011400,0.0,0
2019-07-10,26.782643241524053,27.439080567691768,26.765137845502032,27.39531707763672,6607400,0.0,0
2019-07-11,27.509099979247843,27.64038710819893,26.79139544953591,26.826404571533203,5846400,0.0,0
2019-07-12,26.826405964208814,27.06272381023291,26.738880650562127,26.957693099975586,4348200,0.0,0
2019-07-15,27.018960962838765,27.06272278329825,26.747632333889353,26.852663040161133,4572400,0.0,0
2019-07-16,26.852661383336777,26.90955308194901,26.46755104331037,26.53757095336914,4747100,0.0,0
2019-07-17,26.598841335500328,26.712624746283172,26.485059594124024,26.64260482788086,3901500,0.0,0
2019-07-18,26.642601051666027,27.259652016817626,26.566454422063813,27.176502227783203,6940700,0.0,0
2019-07-19,27.115238021543064,27.76292266409448,26.92268366924069,27.605379104614258,9416200,0.0,0
2019-07-22,27.64038760289615,27.867952742873907,27.404069764910815,27.561614990234375,7678900,0.0,0
2019-07-23,27.579119234521464,28.349338263552625,27.526604718075482,27.964229583740234,6696300,0.0,0
2019-07-24,27.955472210006945,28.078008287092892,27.64038182522322,28.06925392150879,7024400,0.0,0
2019-07-25,27.841693241265773,28.165536373548015,27.42594928865981,27.61412811279297,5788100,0.0,0
2019-07-26,27.719158049317635,27.964228566158393,27.517851019094678,27.8767032623291,3745800,0.0,0
2019-07-29,27.92046801509167,27.97735971897324,27.614130254184023,27.79793357849121,4465100,0.0,0
2019-07-30,27.684149030067754,27.885457742568125,27.404069375431586,27.867952346801758,4082000,0.0,0
2019-07-31,27.89421184533086,28.235557063528166,27.53973507553778,28.01674461364746,10875600,0.0,0
2019-08-01,28.095520329329144,29.102059045371092,27.684153479147902,28.471878051757812,10753300,0.0,0
2019-08-02,28.550649566372392,28.61191678961334,27.824193917024036,28.191797256469727,5842700,0.0,0
2019-08-05,27.806685135771772,27.955477660998437,27.325296768553073,27.517852783203125,9686200,0.0,0
2019-08-06,27.51785398293371,27.57036850312489,26.738880531299795,26.765138626098633,8156700,0.0,0
2019-08-07,26.721377785748505,27.132744602935684,25.811117165496157,27.018962860107422,10723200,0.0,0
2019-08-08,23.395428528063327,24.717056026647587,22.800258351810108,24.69955062866211,44732500,0.0,0
2019-08-09,24.19190268591266,24.323191484643964,23.141603981907192,23.19411849975586,19596000,0.0,0
2019-08-12,23.194118495897857,23.28164380523536,22.528928482101826,23.010316848754883,14772300,0.0,0
2019-08-13,22.861522810557055,23.339408730905163,22.712730295353424,22.721481323242188,16317800,0.0,0
2019-08-14,22.62520470493829,23.001562336822968,22.04754004603827,22.33637237548828,14678700,0.0,0
2019-08-15,22.318870071728032,22.38713878204869,21.780591640915137,21.933759689331055,9911700,0.0,0
2019-08-16,22.056291608014053,22.450152944589107,21.969641078935695,22.240093231201172,9915600,0.0,0
2019-08-19,22.49391925965701,22.642711784045016,22.26635412415732,22.502670288085938,6874800,0.0,0
2019-08-20,22.475997005185558,22.59157693670076,22.307070924549866,22.351524353027344,6652700,0.4,0
2019-08-21,22.37820111278992,22.644925119157623,22.253730135923647,22.46710968017578,5564900,0.0,0
2019-08-22,22.48489269701985,22.86719667033041,22.422655510127946,22.778289794921875,7445200,0.0,0
2019-08-23,22.769396130751254,22.982775659437024,22.458217015496682,22.52045249938965,7904100,0.0,0
2019-08-26,22.698273838847967,22.809409136675836,22.44933016122912,22.742727279663086,7259600,0.0,0
2019-08-27,22.742722194741653,22.760504245407937,22.20927254528098,22.227054595947266,7210900,0.0,0
2019-08-28,22.191490483335528,22.46710718115376,22.10258362162868,22.378198623657227,4094100,0.0,0
2019-08-29,22.59157900895157,22.724941002406457,22.49377942238277,22.52045249938965,5963500,0.0,0
2019-08-30,22.698267856032228,22.947209772244825,22.591577252091383,22.689376831054688,6646600,0.0,0
2019-09-03,22.600471081950438,23.240609697672454,22.42265395191052,23.169483184814453,8199000,0.0,0
2019-09-04,23.347293853759762,23.43620239417531,23.036114810200033,23.347293853759766,6442900,0.0,0
2019-09-05,23.436207075153163,24.005219134200015,23.436207075153163,23.640695571899414,7322500,0.0,0
2019-09-06,23.711823041411808,24.414197118323603,23.525114892092624,24.25416374206543,10224700,0.0,0
2019-09-09,24.28972845383996,25.036557730394065,24.227492963425437,24.965431213378906,9061200,0.0,0
2019-09-10,24.98321035563649,25.756710926077382,24.96542830450711,25.747819900512695,8596700,0.0,0
2019-09-11,25.881183608836736,26.387960195900103,25.587786548126907,26.03232765197754,10297200,0.0,0
2019-09-12,26.290160189054905,26.414631153485505,25.765601559254936,25.810056686401367,7024000,0.0,0
2019-09-13,25.952308926155737,26.21458823321801,25.845618319982247,26.005653381347656,5371500,0.0,0
2019-09-16,25.89896393383942,26.459086673677056,25.845619476260982,26.33461570739746,6108700,0.0,0
2019-09-17,25.329952578866802,25.534441085178173,25.10768202093102,25.214372634887695,25364700,0.0,0
2019-09-18,25.16102761690913,25.392189211102096,24.98321217999983,25.258827209472656,9318700,0.0,0
2019-09-19,25.249934739843212,25.33884330111032,24.929866293387274,25.027664184570312,8174500,0.0,0
2019-09-20,24.992102650334033,25.312171107967686,24.912085111978165,25.018774032592773,8794700,0.0,0
2019-09-23,25.07211685180664,25.143243354679996,24.82761790837674,25.07211685180664,8673100,0.0,0
2019-09-24,25.081009434075913,25.12546456400647,24.614241592438805,24.832067489624023,7334900,0.0,0
2019-09-25,24.876521007913414,25.0721201886899,24.777832823660496,25.018774032592773,5874100,0.0,0
2019-09-26,25.072116691961305,25.152134219157386,24.796500011268336,24.90319061279297,6775800,0.0,0
2019-09-27,24.98321006707439,25.098790006500906,24.63202219237927,24.75204849243164,5192400,0.0,0
2019-09-30,24.796500939494127,24.912082570121594,24.55645004470947,24.836509704589844,4796200,0.0,0
2019-10-01,24.83206712354675,24.89430260874224,24.20081785415724,24.30750846862793,4771700,0.0,0
2019-10-02,24.19192720591421,24.21860028389567,23.356191111972926,23.605133056640625,7133100,0.0,0
2019-10-03,23.551785872487,23.61402135145582,23.089462749019177,23.596240997314453,5414000,0.0,0
2019-10-04,23.587348997128938,24.005216978492534,23.48065839774379,23.982990264892578,3582200,0.0,0
2019-10-07,24.031897050234893,24.16970373215684,23.756280294810914,23.951879501342773,4042400,0.0,0
2019-10-08,23.89852714913078,24.005217751953552,23.587349757126024,23.74738311767578,5536500,0.0,0
2019-10-09,23.889641817094212,23.93409525316409,23.59179836889839,23.765169143676758,3759900,0.0,0
2019-10-10,23.81851748511926,24.0647919854574,23.75183562911248,23.951879501342773,3611200,0.0,0
2019-10-11,24.03189391672599,24.289726888367376,23.978547760560335,24.07634735107422,9311700,0.0,0
2019-10-14,24.076346725574624,24.356408102903995,23.814067399838496,24.28972625732422,4037800,0.0,0
2019-10-15,24.27194229244523,24.556450008140896,24.096794355006484,24.440868377685547,5021500,0.0,0
2019-10-16,24.467542217648617,24.734266195698936,24.347515918789064,24.39641571044922,4074600,0.0,0
2019-10-17,24.449759119111278,24.734265135716416,24.25416165664265,24.68981170654297,4333100,0.0,0
2019-10-18,24.743161054007146,25.041004514898628,24.538672526105508,24.547563552856445,5437000,0.0,0
2019-10-21,24.54756070215124,24.912084277657726,24.369743579362332,24.72537612915039,5091700,0.0,0
2019-10-22,24.743160982396056,25.40108169795151,24.476436963799774,25.33884620666504,6029900,0.0,0
2019-10-23,25.312169034872877,25.436641693115234,24.956536502301173,25.436641693115234,6883900,0.0,0
2019-10-24,25.45442693798796,25.455317227740572,25.000996431718406,25.29439353942871,5071700,0.0,0
2019-10-25,25.267715131981472,25.41441280701761,25.081006996002262,25.23215103149414,3981700,0.0,0
2019-10-28,25.214371761361047,25.321060675831816,25.009881566344255,25.223262786865234,5500300,0.0,0
2019-10-29,25.22326423938545,25.249935621644195,24.925420803107535,25.018774032592773,6071300,0.0,0
2019-10-30,24.98321361660668,25.49888129613879,24.840960580583335,25.33884620666504,9601500,0.0,0
2019-10-31,26.752484319950455,28.862277419334657,25.338843444738693,28.744029998779297,38732500,0.0,0
2019-11-01,28.557319644949835,29.677565129202772,28.557319644949835,28.992971420288086,15048800,0.0,0
2019-11-04,29.25080444592973,29.704234855627003,29.108551435869874,29.63311004638672,9696400,0.0,0
2019-11-05,29.59754916796216,29.59754916796216,28.788484449250923,29.25969696044922,7719900,0.0,0
2019-11-06,29.464181900024414,29.7220165374306,29.313039562525145,29.464181900024414,7070300,0.0,0
2019-11-07,29.490854998888942,29.56198320297453,28.87738950075822,29.090770721435547,5570100,0.0,0
2019-11-08,29.126332789003204,29.259696482087875,28.89517289811332,29.206350326538086,4422700,0.0,0
2019-11-11,29.241912964788106,29.241912964788106,28.961853293240925,29.126331329345703,3763900,0.0,0
2019-11-12,29.081879227438932,29.535313068671627,28.966300978291418,29.321931838989258,5993200,0.0,0
2019-11-13,29.22412640339898,29.713120858766576,29.086319769211645,29.60643196105957,5227000,0.0,0
2019-11-14,29.23748588755238,29.23748588755238,27.545688354219767,27.86064910888672,14509400,0.4,0
2019-11-15,27.860645502857412,28.346587832431677,27.824650728300334,28.166608810424805,6952100,0.0,0
2019-11-18,28.112618154362064,28.16661117894151,27.365708068118398,27.905643463134766,7257300,0.0,0
2019-11-19,27.99563062756615,28.340288618153654,27.92363936204483,28.166608810424805,6661500,0.0,0
2019-11-20,28.03162554289335,28.29259495447315,27.860645642768905,27.977632522583008,5271400,0.0,0
2019-11-21,27.896644535998025,27.896644535998025,27.140735320935814,27.212726593017578,8815000,0.0,0
2019-11-22,27.311716609754694,27.57268434052687,27.19472971398198,27.482696533203125,4664400,0.0,0
2019-11-25,27.554682914846275,28.01362614318693,27.352206951515342,27.950634002685547,7140600,0.0,0
2019-11-26,28.076622895375333,28.121616795685522,27.248722428254062,27.419700622558594,8846200,0.0,0
2019-11-27,27.6356754442428,27.76166145925184,27.289218623088107,27.329713821411133,4407500,0.0,0
2019-11-29,27.284714556117372,27.500688346170225,27.140732029415467,27.44669532775879,2442200,0.0,0
2019-12-02,27.446694506355385,27.856145126236537,27.293712861762042,27.851646423339844,5816500,0.0,0
2019-12-03,27.74365881999109,27.806650959320073,27.419697284691104,27.71666145324707,5573200,0.0,0
2019-12-04,27.707669286613434,28.148616061701436,27.671672790814878,27.923643112182617,5448200,0.0,0
2019-12-05,28.148611823961257,28.508568145718893,27.977631927473706,28.121614456176758,4606300,0.0,0
2019-12-06,28.14861242270746,28.211604565804052,27.85164823638982,27.977632522583008,6496100,0.0,0
2019-12-09,28.11261575162767,29.012509144014228,28.022626240748295,28.73354148864746,8128000,0.0,0
2019-12-10,28.84153071220749,29.003511506388943,28.634556015823343,28.688549041748047,5544500,0.0,0
2019-12-11,28.742540145447496,28.909019622210977,28.427577720678947,28.43657684326172,5443200,0.0,0
2019-12-12,28.481576621966838,28.913526013113277,28.45458096505033,28.74254608154297,5689800,0.0,0
2019-12-13,28.796533164537006,28.904519202716028,28.264697549667147,28.43657684326172,5174500,0.0,0
2019-12-16,28.580563097365207,28.79653691828345,28.391584931307147,28.562564849853516,4744400,0.0,0
2019-12-17,28.51756672551866,28.60215641661147,28.216102131754727,28.454574584960938,6137700,0.0,0
2019-12-18,28.52656791438454,28.706545226671572,28.45817595213701,28.571561813354492,6317600,0.0,0
2019-12-19,28.670548195686663,28.89552110565556,28.445575285717762,28.70654296875,7941000,0.0,0
2019-12-20,28.82352903665952,29.021506302182733,28.59855783599548,28.994510650634766,12601700,0.0,0
2019-12-23,28.976514831267938,29.066502632504545,28.63455500750259,28.724544525146484,6822800,0.0,0
2019-12-24,28.73354384931147,28.86852898492409,28.675050404973152,28.77853775024414,1594400,0.0,0
2019-12-26,28.751542165607805,28.778537819669616,28.346590190607632,28.46357536315918,3957800,0.0,0
2019-12-27,28.5445623763822,28.693045321760053,28.373584199556127,28.454574584960938,4089700,0.0,0
2019-12-30,28.499571552788908,28.62555584748485,28.4005829118665,28.535566329956055,3856500,0.0,0
2019-12-31,28.526567113642496,29.07999857778551,28.382584581291574,28.91352081298828,6069400,0.0,0
2020-01-02,29.057504261447427,29.17448771261087,28.346588983695156,28.44557762145996,6008700,0.0,0
2020-01-03,28.346591472112323,28.481574897745666,28.094621152231333,28.112619400024414,5012700,0.0,0
2020-01-06,28.049625295660327,28.31959212812537,27.80665411659743,28.175609588623047,4714700,0.0,0
2020-01-07,28.12161265023548,28.153108719091183,27.45569306864675,27.680665969848633,7165700,0.0,0
2020-01-08,27.66267240035225,27.842651438290066,27.311715164421546,27.52768898010254,5802900,0.0,0
2020-01-09,27.599678592465743,27.617676838458777,26.942758061384858,27.518688201904297,8938400,0.0,0
2020-01-10,27.52768982126555,27.783259445040056,27.509691573640332,27.626678466796875,4578200,0.0,0
2020-01-13,27.815649806427995,28.0541205362166,27.626673390310316,28.04062271118164,4269100,0.0,0
2020-01-14,28.01362869244077,28.571562318124116,28.0046312856136,28.553564071655273,6794100,0.0,0
2020-01-15,28.51756723009955,28.760536674205913,28.382583824172208,28.43657684326172,4243700,0.0,0
2020-01-16,28.52656841835926,28.81453349623173,28.481572802187156,28.553564071655273,3950400,0.0,0
2020-01-17,28.616558492230965,28.670553235928804,27.85165183699289,27.923643112182617,6645600,0.0,0
2020-01-21,27.860647845645808,28.00463210520317,27.361209364573153,27.905643463134766,7106600,0.0,0
2020-01-22,27.968635425826797,27.972234731920594,27.44669828126558,27.599679946899414,4535000,0.0,0
2020-01-23,27.473697298249707,27.70766937244294,27.302717375491692,27.608680725097656,4280600,0.0,0
2020-01-24,27.62667682327935,27.64917377326884,27.077742318218046,27.365707397460938,5951500,0.0,0
2020-01-27,27.131735140962938,27.42420063788668,26.866267013671422,27.31171417236328,5806100,0.0,0
2020-01-28,27.401705829700514,27.59968140658828,27.073243814262174,27.113739013671875,5645000,0.0,0
2020-01-29,27.095739510631386,27.095739510631386,26.632294120123074,26.65479278564453,9042600,0.0,0
2020-01-30,26.64579624775244,26.987754370122893,26.33983290417539,26.942760467529297,6169800,0.0,0
2020-01-31,26.906761462193824,26.924759708115147,26.12835534837218,26.276838302612305,8211800,0.0,0
2020-02-03,26.2768395653298,26.438818637183918,26.024869259544595,26.231843948364258,6305700,0.0,0
2020-02-04,26.546806401493946,26.654794165803974,26.177850924412883,26.231843948364258,7607100,0.0,0
2020-02-05,26.420821891084664,26.951758152092147,26.19584895731564,26.429821014404297,9092800,0.0,0
2020-02-06,26.384824250281927,26.636794543051202,26.024867915188096,26.15085220336914,6544800,0.0,0
2020-02-07,26.06086111172311,27.266716048541962,25.83588820136746,26.582799911499023,13268800,0.0,0
2020-02-10,26.681786485169187,26.86176549772494,26.456813577678037,26.717782974243164,5775800,0.0,0
2020-02-11,26.89776479449855,27.13173686361145,26.65479531801089,27.005752563476562,7123300,0.0,0
2020-02-12,27.14973434909444,27.491692461179383,26.947258360698672,27.03274917602539,8096300,0.0,0
2020-02-13,26.201247219720543,26.303835166508126,24.621038572728917,24.989994049072266,37333600,0.0,0
2020-02-14,25.061982917295317,25.1249750584756,23.81113235057369,24.1890869140625,23915700,0.0,0
2020-02-18,24.090101049179207,24.70202767544142,23.667150854694164,24.594039916992188,16772400,0.0,0
2020-02-19,24.621037790739443,24.70472637429615,24.396064862728757,24.57604217529297,7947900,0.0,0
2020-02-20,24.54004824381728,24.997192727478488,24.43206047943689,24.675031661987305,7005900,0.0,0
2020-02-21,24.4770547999183,24.75602074488091,24.450057431151393,24.531047821044922,6716800,0.0,0
2020-02-24,24.261079334261872,24.423060114393873,23.63115617602399,23.964115142822266,12622200,0.0,0
2020-02-25,23.955117935345754,24.02710920306851,23.17221139700449,23.460176467895508,11732200,0.0,0
2020-02-26,23.60415741402402,23.613156536434335,22.821252644804574,23.07322120666504,11768200,0.0,0
2020-02-27,22.83925040914579,22.938239044608864,22.28131852077092,22.470294952392578,14102800,0.0,0
2020-02-28,22.092340265435855,22.326312310407555,21.606399646192465,22.29031753540039,16274100,0.0,0
2020-03-02,22.27231969226645,23.469175590911753,22.11033891078845,23.460176467895508,14470800,0.0,0
2020-03-03,23.397180893841913,23.86512492365642,22.726760916856993,22.947235107421875,11011400,0.0,0
2020-03-04,23.334195124740763,23.829134938276656,23.037230893337743,23.802139282226562,8588100,0.0,0
2020-03-05,23.244203831567546,24.072104310142766,23.154214313294897,23.982114791870117,12581900,0.0,0
2020-03-06,23.091222188821746,23.748142754985246,23.055227411320597,23.424182891845703,8694600,0.0,0
2020-03-09,21.66939294548006,22.227326577309082,21.300437470840986,21.561405181884766,16231400,0.0,0
2020-03-10,22.200327769057125,22.398303320347473,21.138455314193916,22.047346115112305,12339200,0.0,0
2020-03-11,21.516411998003722,21.813376212268984,20.971977891251964,21.291439056396484,11763400,0.0,0
2020-03-12,20.04653825508663,20.202150725048078,18.343956711541285,18.362262725830078,15386400,0.4,0
2020-03-13,19.442397234689597,21.959656790789005,18.948099902463394,21.941349029541016,15014300,0.0,0
2020-03-16,19.13117161691391,21.57520178959698,18.298187714044786,20.156383514404297,14821500,0.0,0
2020-03-17,20.330299052710195,21.886423560817764,19.07624731316812,21.813194274902344,12594400,0.0,0
2020-03-18,20.449299413295357,21.968808530300556,20.072167599593996,21.68504524230957,11805700,0.0,0
2020-03-19,21.199900904205617,21.566047377885727,20.06484596283522,20.394378662109375,12585300,0.0,0
2020-03-20,20.549991131663933,21.27313019894164,19.93669513352821,20.394378662109375,12908300,0.0,0
2020-03-23,20.40353298223951,21.328052193499566,18.92063754944799,19.012174606323242,14829300,0.0,0
2020-03-24,19.945849203742796,21.3875512849619,19.707853557101025,21.044288635253906,11706200,0.0,0
2020-03-25,21.410432797410667,22.261724355988033,20.94359543477392,21.01682472229004,15683100,0.0,0
2020-03-26,21.27313084374132,25.06275001656298,21.03513519215445,22.673643112182617,12900700,0.0,0
2020-03-27,21.968805879355003,23.048939114437772,21.61181334251111,22.188493728637695,8529400,0.0,0
2020-03-30,22.554644024657723,23.15878615060933,22.005425179919264,23.0397891998291,8008400,0.0,0
2020-03-31,22.984865754863865,23.332704444026643,22.330378215139756,22.64617919921875,7037500,0.0,0
2020-04-01,21.98711681078216,22.321225572253475,21.511125528991215,21.675891876220703,6098600,0.0,0
2020-04-02,21.49281435388923,22.691946247773505,21.382971303806332,22.55463981628418,7376700,0.0,0
2020-04-03,22.32580186710225,23.318976027626928,22.32580186710225,23.177093505859375,9217500,0.0,0
2020-04-06,23.7995424424457,23.90938725269433,23.39678046609943,23.717159271240234,7757500,0.0,0
2020-04-07,24.687448736773966,25.154286142291767,23.836158845925837,24.35791778564453,12177900,0.0,0
2020-04-08,24.486068814793654,25.172594108666374,24.357917985299792,25.007827758789062,7458600,0.0,0
2020-04-09,25.035289304014785,26.08338500103585,25.035289304014785,25.730968475341797,11111900,0.0,0
2020-04-13,25.53874242877246,25.790468038868553,25.02613732782278,25.566204071044922,6711500,0.0,0
2020-04-14,25.7126578894692,26.248146719764286,25.566199316435128,26.042190551757812,6668600,0.0,0
2020-04-15,25.630276811032676,25.71265998331349,25.090210124269134,25.676044464111328,6209600,0.0,0
2020-04-16,26.08795852877186,26.920942328086802,25.813349137364888,26.756175994873047,9266000,0.0,0
2020-04-17,26.655489136273772,26.994173965430765,26.220689440425772,26.847715377807617,8131600,0.0,0
2020-04-20,26.527335577276265,27.2779362474441,26.435798526931013,26.701255798339844,6184200,0.0,0
2020-04-21,26.48156894065103,26.66464130243846,25.9140406034846,26.06049919128418,6143300,0.0,0
2020-04-22,26.3900317582141,26.49072269155724,26.04219305036591,26.325956344604492,4636800,0.0,0
2020-04-23,26.197808292065076,26.59141469534401,26.05134794354301,26.11542510986328,4418300,0.0,0
2020-04-24,26.170341695378738,26.852289107273094,26.170341695378738,26.756175994873047,7272300,0.0,0
2020-04-27,27.003329678476877,27.689855009285612,26.86602496149997,27.634933471679688,7071600,0.0,0
2020-04-28,27.900387634595077,28.16584492065535,27.511357331560944,27.8546199798584,6920900,0.0,0
2020-04-29,27.95530942774074,28.40841512166376,27.61662286457058,27.946155548095703,7681100,0.0,0
2020-04-30,27.580010291019576,28.27568950501146,27.030791421063434,27.763084411621094,10035200,0.0,0
2020-05-01,27.45185859462043,27.680700365245062,26.68295010564772,26.893484115600586,6200700,0.0,0
2020-05-04,26.67379745565742,26.76533451731431,26.042195396665775,26.481571197509766,6662800,0.0,0
2020-05-05,26.54564418985302,26.989597763447993,26.417493362804606,26.49072265625,7385600,0.0,0
2020-05-06,26.673793315432423,27.067401397315436,26.435797690435162,26.911788940429688,6164200,0.0,0
2020-05-07,27.07655709772848,27.20470792522139,26.298494760969945,26.390031814575195,4934300,0.0,0
2020-05-08,26.628026650658956,27.154363383535834,26.481568067687377,27.05824851989746,5295900,0.0,0
2020-05-11,26.829407617873706,27.071981072187857,26.783639963963005,26.847715377807617,3929600,0.0,0
2020-05-12,26.856870340181207,27.259632345339327,26.856870340181207,26.893484115600586,4700200,0.0,0
2020-05-13,26.948406212681956,27.02163550622495,26.069652944241984,26.325956344604492,6637400,0.0,0
2020-05-14,26.087958510397765,26.48614265143461,25.74011983179899,26.362567901611328,4866400,0.0,0
2020-05-15,26.280184550359973,26.8385589539503,26.1428798557182,26.728715896606445,5349400,0.0,0
2020-05-18,27.515934733208933,28.504531138416315,27.415245538719912,28.257383346557617,12870200,0.0,0
2020-05-19,28.211611636230895,28.312302568408544,27.36947389727218,27.37862777709961,6538500,0.0,0
2020-05-20,27.598317125213086,27.90038819191182,27.442704651706215,27.680700302124023,4609500,0.0,0
2020-05-21,27.515931626219565,27.561701023932116,27.08570976326562,27.195552825927734,4170800,0.0,0
2020-05-22,27.067402700930483,27.45185692199223,27.058248821152343,27.41524314880371,3283400,0.0,0
2020-05-26,27.79054457631238,28.133807224751322,27.589162705170104,27.65781593322754,5977800,0.0,0
2020-05-27,27.790543141282562,28.431299004393853,27.708159970237336,28.403839111328125,5170600,0.0,0
2020-05-28,28.394567198157155,28.515118138879586,28.0607311027346,28.18128204345703,3709900,0.4,0
2020-05-29,28.07000524200464,28.366747659425116,27.606344772604064,28.255468368530273,6855800,0.0,0
2020-06-01,28.28328726232116,28.542937749338932,28.116369218432894,28.21373748779297,5396200,0.0,0
2020-06-02,28.274014484714655,29.173515135479743,28.209102303663727,29.14569664001465,7215400,0.0,0
2020-06-03,29.210609579739387,29.516625418873396,29.006599609891488,29.0344181060791,5623100,0.0,0
2020-06-04,28.722839381937384,29.210609328539984,28.58003081242006,29.201335906982422,6157000,0.0,0
2020-06-05,29.42388965877818,30.2677514768068,29.38679774512894,30.249204635620117,19534500,0.0,0
2020-06-08,30.17502553390743,31.52891331552767,30.14720349904619,31.501094818115234,11939500,0.0,0
2020-06-09,30.879783649162192,31.065248526962076,30.360486236260495,30.694318771362305,5874900,0.0,0
2020-06-10,30.68504940097717,30.777780078048146,30.04519923931086,30.137929916381836,5541200,0.0,0
2020-06-11,29.414618411053095,29.59080987789364,28.876772357977334,28.91386604309082,6965100,0.0,0
2020-06-12,29.479536024516012,29.655725744533928,28.960234980719953,29.488807678222656,5437100,0.0,0
2020-06-15,28.988052460062104,29.785547256469723,28.73767538467543,29.785547256469727,5008100,0.0,0
2020-06-16,30.212113641684027,30.50885601743547,29.692812715394926,30.35120964050293,5833900,0.0,0
2020-06-17,30.527401859671976,30.95397215556043,30.379030659455953,30.41612434387207,5047600,0.0,0
2020-06-18,30.239934386513347,30.787053845831206,30.1379285239789,30.76850700378418,3839700,0.0,0
2020-06-19,30.833419955903103,31.25071506881104,30.666501910739928,31.046703338623047,9231500,0.0,0
2020-06-22,30.666504761725232,30.944700350377477,30.41612767070356,30.740692138671875,6773000,0.0,0
2020-06-23,30.78705249529925,30.95118655717035,29.957099921706373,30.045196533203125,7113900,0.0,0
2020-06-24,29.906102129284868,29.966376720559975,29.368256022204847,29.794824600219727,5962600,0.0,0
2020-06-25,29.627902227272042,29.739179740147186,29.219880553040092,29.56298828125,4871100,0.0,0
2020-06-26,29.57226428708465,29.57226428708465,28.56148431837274,28.654216766357422,7293900,0.0,0
2020-06-29,28.746948302411457,29.405345301640324,28.746948302411457,29.34043312072754,5010500,0.0,0
2020-06-30,29.340431594119806,29.720633007161876,29.209680427576938,29.572261810302734,5854100,0.0,0
2020-07-01,29.609355437152338,29.702086108468503,29.196697936133184,29.36825180053711,4482300,0.0,0
2020-07-02,29.6279054373127,29.869007330905806,29.423893693730953,29.498079299926758,4284800,0.0,0
2020-07-06,29.748458004432905,29.989559896823266,29.53517284005011,29.674270629882812,4839400,0.0,0
2020-07-07,29.479532580306792,29.929283787685463,29.470259158959117,29.72063446044922,5106400,0.0,0
2020-07-08,29.711363086215364,29.822640605981555,29.192062098225527,29.544445037841797,3668400,0.0,0
2020-07-09,29.340428823957733,29.447070501086458,28.89531527540549,29.09005355834961,3731700,0.0,0
2020-07-10,29.07150918179132,29.961738123056584,29.07150918179132,29.933916091918945,5302700,0.0,0
2020-07-13,30.14720153808594,30.555225006654933,29.841187474107773,30.147201538085938,6236300,0.0,0
2020-07-14,29.952466717848516,31.004978003084815,29.933919873896247,30.889062881469727,7868100,0.0,0
2020-07-15,31.065253069191353,31.065253069191353,30.64795791748857,30.740692138671875,5105700,0.0,0
2020-07-16,31.130161379764058,32.16875976557553,31.00960867595832,31.899839401245117,9726600,0.0,0
2020-07-17,32.09457367781181,32.632417906089586,31.87201512778256,32.46549987792969,8461100,0.0,0
2020-07-20,32.38205204028799,32.38205204028799,31.44545925897515,31.640195846557617,6514800,0.0,0
2020-07-21,31.86274670180162,32.35422564700026,31.779287679272745,32.020389556884766,5001900,0.0,0
2020-07-22,32.13166847805385,32.41913567410292,31.78855722074946,32.36349868774414,4020100,0.0,0
2020-07-23,32.13167183871068,32.57678546337676,31.779288892640132,32.32640838623047,6103800,0.0,0
2020-07-24,32.363500405316586,32.68806130112855,32.002772636493376,32.159488677978516,4331400,0.0,0
2020-07-27,32.15021493062282,32.3523730440404,31.983300417750844,32.307861328125,4244500,0.0,0
2020-07-28,32.23367197642801,32.817885116675654,32.23367197642801,32.68806076049805,6037400,0.0,0
2020-07-29,32.966259217211544,33.263001639585674,32.82716319653857,32.984806060791016,6796300,0.0,0
2020-07-30,32.51465510731059,32.919894628276104,30.9354283068169,31.890567779541016,12148600,0.0,0
2020-07-31,31.64018693716303,32.298587440061965,31.371266574656087,31.88129234313965,11208900,0.0,0
2020-08-03,31.968462315535067,32.50259939404545,31.76074332318347,32.261497497558594,6207300,0.0,0
2020-08-04,32.26149448992677,32.58605538521841,31.88129306796437,32.530418395996094,6284300,0.0,0
2020-08-05,32.59533143785444,32.66951527126398,32.13167098233701,32.252220153808594,3966300,0.0,0
2020-08-06,32.30786141107422,32.762250224213275,32.1502150131673,32.71588134765625,5721600,0.0,0
2020-08-07,32.58606012507705,32.873530915184496,32.43768890315523,32.8364372253418,4163500,0.0,0
2020-08-10,32.76225167193372,32.78079497843759,32.011120410371035,32.261497497558594,5966500,0.0,0
2020-08-11,32.456232601571685,32.68806283444005,31.983300482997606,32.11312484741211,4790500,0.0,0
2020-08-12,32.35422930141263,32.91989568050611,32.23831417577705,32.76225280761719,4825800,0.0,0
2020-08-13,32.86425334624881,33.07753674123967,32.57956654907377,32.984806060791016,5121500,0.0,0
2020-08-14,32.77151530301696,33.07289525293704,32.57677879535706,33.00334548950195,3107400,0.0,0
2020-08-17,33.08680763940537,33.72573092992883,32.956983288639876,33.31863784790039,7010800,0.0,0
2020-08-18,33.38355711428741,33.39282876811937,32.697337994905055,33.068267822265625,4677600,0.0,0
2020-08-19,33.151726729216364,33.263004262017525,32.80861893956753,32.854984283447266,4002500,0.0,0
2020-08-20,32.697328599729545,32.743697467912845,32.205849726528854,32.3171272277832,4553600,0.0,0
2020-08-21,32.24294667534524,32.36349937743879,31.82287114712225,32.04821014404297,4749600,0.0,0
2020-08-24,32.16875836286895,32.53968811035156,31.853469138743197,32.53968811035156,4229900,0.0,0
2020-08-25,32.743709920765475,32.836440617502774,32.37741765498928,32.799346923828125,4667800,0.0,0
2020-08-26,32.752969771469736,32.79006345177603,32.29858456878583,32.74369812011719,4382300,0.0,0
2020-08-27,32.91346966402317,33.04853486113078,32.54673378828777,32.60300827026367,4432600,0.4,0
2020-08-28,32.60300860670828,32.74370196906152,32.12465761507278,32.7155647277832,4208500,0.0,0
2020-08-31,32.69680432002496,32.95942810477031,32.41542118237198,32.86563491821289,4479100,0.0,0
2020-09-01,32.59363215948519,32.62176940200708,31.810447900123787,32.021484375,6023000,0.0,0
2020-09-02,32.164049573844856,32.771837569702605,31.993344116802238,32.55611038208008,5114300,0.0,0
2020-09-03,32.38259747714213,32.87501713843809,31.20547386740973,31.468097686767578,8411100,0.0,0
2020-09-04,31.599406416657718,31.824515080584465,31.04601801156784,31.3930606842041,6642600,0.0,0
2020-09-08,30.97098165032142,31.130430775033822,29.671926045241776,29.789169311523438,9385800,0.0,0
2020-09-09,30.014276610150294,30.061173201757533,29.310817002099895,29.68599510192871,8372700,0.0,0
2020-09-10,29.648476745600686,30.230002324827126,29.385851193988298,29.5546817779541,7020800,0.0,0
2020-09-11,29.695376735989147,30.173727726691645,29.301439257947358,29.742273330688477,7068200,0.0,0
2020-09-14,29.96738105101779,30.183108242228084,29.47964860994119,29.892345428466797,5246500,0.0,0
2020-09-15,30.642700562504167,31.82451477531691,29.90078656560166,29.98613929748535,11059300,0.0,0
2020-09-16,30.40821256028996,30.417594025488327,29.226401981920127,29.413991928100586,9318800,0.0,0
2020-09-17,29.010677525119707,29.132609749313865,28.24156189361222,28.738672256469727,11360200,0.0,0
2020-09-18,28.794949089235114,28.794949089235114,27.645964635094764,27.894519805908203,16042800,0.0,0
2020-09-21,27.575617820977932,27.857002753339273,27.30361435425141,27.810104370117188,8388300,0.0,0
2020-09-22,27.875757777955172,28.01645112581286,27.32706016167502,27.41616439819336,5677000,0.0,0
2020-09-23,27.55685661834898,27.650651589508183,26.909675074230073,26.984710693359375,6527100,0.0,0
2020-09-24,26.937814928578728,27.359891445277864,26.792434408708264,27.050369262695312,5317300,0.0,0
2020-09-25,27.087885882938824,27.406787738933133,26.789620031549607,27.322372436523438,5704800,0.0,0
2020-09-28,27.81010274261218,28.129004573897994,27.603755235482065,27.978933334350586,4840300,0.0,0
2020-09-29,27.922660568968684,28.025833440979056,27.538102745771482,27.753829956054688,4339600,0.0,0
2020-09-30,27.7725879363658,28.335354232911836,27.7725879363658,28.091489791870117,6047100,0.0,0
2020-10-01,28.138385079296274,28.513563189222154,27.82417397129283,28.48542594909668,6060100,0.0,0
2020-10-02,28.08210948144977,28.682394471682958,28.072729804853576,28.579219818115234,5393600,0.0,0
2020-10-05,28.738672774257854,29.141989951458996,28.71991520872959,29.07633399963379,4470800,0.0,0
2020-10-06,29.09508712665506,29.32957364097886,28.691770035779697,28.76680564880371,4924100,0.0,0
2020-10-07,28.888743193906926,29.076333155668717,28.607360040254704,28.92626190185547,3869000,0.0,0
2020-10-08,29.06695141570411,29.39523293099279,28.982536117801583,29.282678604125977,4590800,0.0,0
2020-10-09,29.34833690092106,29.52185644371766,29.07633164935686,29.179506301879883,4100100,0.0,0
2020-10-12,29.479647594270435,30.07993255399655,29.273298297621864,29.68599510192871,8796300,0.0,0
2020-10-13,29.704754300182742,30.445730819879763,29.56406273710005,30.398834228515625,7446800,0.0,0
2020-10-14,30.398834593880252,30.83028896438489,29.887653870310004,30.154970169067383,7808200,0.0,0
2020-10-15,29.826686942535186,30.314419371334,29.60158008054888,30.2956600189209,3685400,0.0,0
2020-10-16,30.37069790408926,30.595802980609736,30.10338338948327,30.164348602294922,3468100,0.0,0
2020-10-19,30.24876590037909,30.36694661006295,29.653169829987345,29.77979278564453,4164000,0.0,0
2020-10-20,30.04241498819878,30.314420239003265,29.92048277200425,30.004898071289062,3524600,0.0,0
2020-10-21,29.779789824622814,29.920481387256046,29.479647347274508,29.48902702331543,6503600,0.0,0
2020-10-22,29.4796469778405,29.648477566480736,29.132606124636656,29.292057037353516,5345700,0.0,0
2020-10-23,29.535922893089406,29.648477213840923,29.170124481379887,29.423370361328125,4140600,0.0,0
2020-10-26,29.08571117015136,29.25454176828872,28.5135634295726,28.68239402770996,5488600,0.0,0
2020-10-27,28.776191711425785,29.00129860046416,28.62142971890473,28.77619171142578,5880200,0.0,0
2020-10-28,28.372871147238897,28.466666120399733,27.397406288750705,27.40678596496582,7781100,0.0,0
2020-10-29,27.857001484884915,28.560461100271,27.594375917770932,28.1759033203125,7875600,0.0,0
2020-10-30,28.20404191548657,28.78556934597688,28.09617831728885,28.691774368286133,10477700,0.0,0
2020-11-02,29.113850473038887,29.958001682666428,28.945019873315303,29.704755783081055,7165100,0.0,0
2020-11-03,29.882965614882412,30.483250592535427,29.732894370469158,29.80792999267578,5427300,0.0,0
2020-11-04,30.079934088260273,30.473873349411758,29.798550946283942,29.845447540283203,6169600,0.0,0
2020-11-05,29.882964227558464,30.35193729182528,29.517164020916965,29.732892990112305,7920600,0.0,0
2020-11-06,29.89234688879897,30.004899433628804,29.489029727012753,29.58282470703125,4069300,0.0,0
2020-11-09,30.380076900010877,30.55828896823822,28.668326155335027,28.719913482666016,10642100,0.0,0
2020-11-10,28.175903233001485,28.654254195670237,27.702239424941396,28.588598251342773,13382400,0.0,0
2020-11-11,28.776187607705896,29.43274882652253,28.53232139877734,29.404611587524414,7814500,0.0,0
2020-11-12,29.301439767285355,29.442131342819362,28.785570060663854,29.170127868652344,5846000,0.0,0
2020-11-13,29.329575729018355,29.657857230240815,29.123226436769247,29.64847755432129,4165900,0.0,0
2020-11-16,29.64847838909379,30.267522705290197,29.465579175988985,30.154970169067383,7456300,0.0,0
2020-11-17,29.854825640007014,29.873584992212038,29.38116362526701,29.629718780517578,5109200,0.0,0
2020-11-18,29.732892150671848,30.408210911123216,29.582820917462605,29.667234420776367,7285200,0.0,0
2020-11-19,29.6015813660121,29.96738159799142,29.451510118170976,29.901723861694336,6150500,0.0,0
2020-11-20,29.82668620310153,30.323800084773254,29.7797896122217,30.258140563964844,9019400,0.0,0
2020-11-23,30.361314450943144,30.83966896869674,30.192483865616047,30.577041625976562,7282100,0.0,0
2020-11-24,30.87718421787266,31.75885585101178,30.689597858292853,31.7307186126709,8618400,0.0,0
2020-11-25,31.521899160270756,31.559866786297007,30.847990091869256,30.885957717895508,6040400,0.4,0
2020-11-27,31.094772450508383,31.360542212165452,30.961889380075903,31.17070770263672,2220700,0.0,0
2020-11-30,30.95714797712467,31.294102531631935,30.81477118134196,31.265625,5826100,0.0,0
2020-12-01,31.294100707635156,31.531392939580726,31.10426619792028,31.45545768737793,4623900,0.0,0
2020-12-02,31.37952978803335,31.62631214545881,31.085286081940353,31.113759994506836,4770100,0.0,0
2020-12-03,31.17070880836821,31.882585528759577,31.1327411809572,31.74970245361328,4868900,0.0,0
2020-12-04,32.04394538434646,32.414124353573555,31.930046112703344,32.38564682006836,6146900,0.0,0
2020-12-07,32.271741675047274,32.28123177062679,31.74969951916812,31.892072677612305,5240800,0.0,0
2020-12-08,31.920550496854727,32.69886868997719,31.787667432778978,32.594459533691406,6753300,0.0,0
2020-12-09,32.727342618921426,32.841241870946845,32.24801131965957,32.480560302734375,5380000,0.0,0
2020-12-10,32.281235717948334,32.49954777168318,32.157846356367145,32.366661071777344,4284600,0.0,0
2020-12-11,32.15784736135279,32.43310362492195,32.08191210189064,32.33818817138672,3814900,0.0,0
2020-12-14,32.42361255321228,32.93616467679682,32.40462873891741,32.67039489746094,5798500,0.0,0
2020-12-15,32.67039028798075,32.74537688698446,32.19580585994529,32.58496856689453,4687800,0.0,0
2020-12-16,32.67039596110238,32.898198119265004,32.51852906259145,32.67988967895508,5738300,0.0,0
2020-12-17,32.89819712086109,33.012096386089524,32.711212161871785,32.8602294921875,4282500,0.0,0
2020-12-18,33.1070107772304,33.572101489955955,32.75581569283879,33.002601623535156,11194700,0.0,0
2020-12-21,32.38564408492663,32.89819619522171,32.38564408492663,32.81277084350586,5183500,0.0,0
2020-12-22,32.84124662214943,33.040574868021,32.59446427025992,32.64192199707031,3717100,0.0,0
2020-12-23,32.693178928049136,33.258884318037865,32.693178928049136,33.03108215332031,3577500,0.0,0
2020-12-24,33.02159019425004,33.20193099975586,32.86022958234073,33.20193099975586,1575900,0.0,0
2020-12-28,33.26837540218476,33.61007684900042,33.15447612684377,33.42024230957031,3576000,0.0,0
2020-12-29,33.51515473519317,33.56261245542972,32.964635042231706,33.12599563598633,3324900,0.0,0
2020-12-30,33.125996361466704,33.249385712625646,32.879210417564735,32.907684326171875,2439300,0.0,0
2020-12-31,32.8887070772847,32.950401758384814,32.46632716478674,32.898197174072266,3353600,0.0,0
2021-01-04,32.83175651037799,32.917181866915364,32.1863212878273,32.490055084228516,5824100,0.0,0
2021-01-05,32.544154930656894,32.670393851925105,31.53613723485005,31.863601684570312,9052900,0.0,0
2021-01-06,31.977501911864092,32.46158012353357,31.711735753797615,32.21479415893555,6754300,0.0,0
2021-01-07,32.29073279863835,32.32679951495744,31.744959849042345,31.98225212097168,6487800,0.0,0
2021-01-08,31.80190982820103,31.939539774055188,31.521903077451523,31.911062240600586,6226300,0.0,0
2021-01-11,31.844619608933694,31.953775638395495,31.085285123957345,31.180200576782227,8799500,0.0,0
2021-01-12,31.180197650309804,31.30359062403483,30.1076375646482,30.54425621032715,10999400,0.0,0
2021-01-13,30.582226574024787,30.705615938003916,30.359171277981297,30.382898330688477,6137600,0.0,0
2021-01-14,30.471172484593712,30.658157441885503,30.1104872570537,30.449342727661133,8530300,0.0,0
2021-01-15,30.2784910414068,30.648668186186555,29.993741062711184,30.363916397094727,6975000,0.0,0
2021-01-19,30.506290536531097,30.938164161808096,30.23577752118795,30.71510887145996,6148600,0.0,0
2021-01-20,30.686635047136104,31.237151176056546,30.534764533456162,31.189693450927734,6556300,0.0,0
2021-01-21,31.18020153769033,31.227662886357862,30.734094550714392,31.113759994506836,5138100,0.0,0
2021-01-22,30.89544878882723,31.35104945314117,30.783446823070346,31.237150192260742,4949100,0.0,0
2021-01-25,31.142236772596977,32.07242197539934,31.07579523102484,32.034454345703125,6447200,0.0,0
2021-01-26,32.16733748738149,32.66090581195296,32.11513290165232,32.64192199707031,4664500,0.0,0
2021-01-27,32.33818742725358,33.50091799987069,32.33818742725358,32.9741325378418,7207300,0.0,0
2021-01-28,32.74632818528915,33.21142255556209,32.214792279376105,32.2337760925293,6627800,0.0,0
2021-01-29,31.882589240101815,32.603956140921646,31.574108567864606,31.80665397644043,6544400,0.0,0
2021-02-01,31.7591943905056,32.10089581542171,31.53139585442316,31.55986976623535,5619300,0.0,0
2021-02-02,31.5598668767281,33.11650334034374,31.06629859934888,31.474441528320312,8602300,0.0,0
2021-02-03,31.578853460361422,31.578853460361422,31.104268954412124,31.332067489624023,4327300,0.0,0
2021-02-04,31.417491865533478,31.692751739388186,31.18019961996059,31.246641159057617,9149400,0.0,0
2021-02-05,31.63580224375492,32.40462676142178,31.46495154631959,32.0819091796875,8081000,0.0,0
2021-02-08,32.19581135557712,32.29073042986143,31.9015712772769,32.18632125854492,5075900,0.0,0
2021-02-09,32.1863231098622,32.36666393018669,31.740212487047355,31.996488571166992,4674900,0.0,0
2021-02-10,32.176829227507945,32.341984423964206,31.991741569768898,32.167335510253906,6148000,0.0,0
2021-02-11,32.4900544095585,34.44154564026934,32.17683052262068,33.73346710205078,20381000,0.0,0
2021-02-12,33.92330248664372,34.58771790633448,33.496175701990744,33.59109115600586,8821900,0.0,0
2021-02-16,33.5721045372099,33.84261754143233,33.36328983165769,33.56261444091797,6347800,0.0,0
2021-02-17,33.600584225237235,35.25213626628957,33.429733514674254,35.13823699951172,10648700,0.0,0
2021-02-18,35.242644569715075,37.22640784494851,34.98636851550304,36.97962188720703,22518600,0.0,0
2021-02-19,36.53351466169293,36.685381549622136,35.29010202747784,35.574851989746094,14349600,0.0,0
2021-02-22,35.46095172076963,35.619462757909,35.17620176659741,35.33755874633789,6771400,0.0,0
2021-02-23,35.498920250859534,35.878585659160066,34.616192835892285,35.233150482177734,7042800,0.0,0
2021-02-24,35.128741393033096,35.70773503427746,34.79653370746283,35.688751220703125,5835600,0.0,0
2021-02-25,36.001973894456,36.54299983613281,35.31951982785852,35.37552261352539,10442600,0.0,0
2021-02-26,35.35654927297933,35.50841618542753,34.52127944411783,34.5307731628418,7890400,0.0,0
2021-03-01,34.91043389476302,35.489427551375925,34.70161918148712,35.20467758178711,6195000,0.0,0
2021-03-02,35.2806082854742,35.71722875615681,35.01484213698304,35.4229850769043,5416700,0.0,0
2021-03-03,35.20467491376277,36.144353725062835,35.1524703342021,36.049434661865234,6537100,0.0,0
2021-03-04,36.087404988634766,36.903690889280846,34.881959951726294,35.31857681274414,11336200,0.0,0
2021-03-05,35.660278308221145,36.27723959387171,35.42298606309282,35.92604446411133,7562700,0.0,0
2021-03-08,35.89756881584483,36.894195472986866,35.89756881584483,36.70436096191406,6780700,0.0,0
2021-03-09,36.87521380228273,37.54912653678571,36.44809065354287,37.14098358154297,8743700,0.0,0
2021-03-10,37.60607237068377,37.6914977200739,36.96253811801748,37.50166320800781,7276700,0.0,0
2021-03-11,37.40577969943368,37.50646497516185,36.82086796558697,36.88798904418945,5939600,0.4,0
2021-03-12,36.945519750372675,37.00305367178987,36.25513098248879,36.54279327392578,8966900,0.0,0
2021-03-15,36.55237541446404,37.247563152653306,36.50922772269228,36.94551467895508,6920100,0.0,0
2021-03-16,37.0414040922352,37.34824431169248,36.87839316812254,37.146881103515625,6494800,0.0,0
2021-03-17,37.24276839038486,37.53522605464935,36.878394247431316,37.472900390625,6407000,0.0,0
2021-03-18,37.32907022159362,37.63591047295097,37.175650095914946,37.33865737915039,8068100,0.0,0
2021-03-19,37.357839352383984,37.80851262012155,37.02223393459519,37.53043746948242,9966200,0.0,0
2021-03-22,37.43455080098114,37.95234514603314,37.3674297182327,37.92357635498047,7236700,0.0,0
2021-03-23,37.9331612036068,38.00986943275524,37.26961728102596,37.31947708129883,7663000,0.0,0
2021-03-24,37.24277136276037,37.36646800860379,36.64826882994302,36.65785598754883,5564200,0.0,0
2021-03-25,36.95510845087892,37.71741366244386,36.466079291385995,37.58796691894531,5414800,0.0,0
2021-03-26,37.73179086142872,38.48930421545385,37.28112136926877,38.383827209472656,9965500,0.0,0
2021-03-29,38.326301439758886,39.46736335337534,38.22082442144176,39.102989196777344,9905200,0.0,0
2021-03-30,39.21806044698836,39.51339319774779,38.52766801808897,38.62355422973633,8188000,0.0,0
2021-03-31,38.41260594633349,38.70026825492969,38.1057656627876,38.355072021484375,5671400,0.0,0
2021-04-01,38.4240998490847,38.44136111941433,37.75192718123475,38.383827209472656,4561000,0.0,0
2021-04-05,38.43177966107906,38.824918959406375,38.42218884575501,38.652320861816406,4416500,0.0,0
2021-04-06,38.460545852632656,39.11737406530631,38.45095503704396,39.026283264160156,4958000,0.0,0
2021-04-07,39.17395029472385,39.22764715788623,38.72903081578954,38.96875,3678200,0.0,0
2021-04-08,38.92080180384139,39.17010811336798,38.85368073366793,39.13175582885742,4233200,0.0,0
2021-04-09,39.17010893405886,39.40695304222186,38.259179060383495,38.48930740356445,5485600,0.0,0
2021-04-12,38.652321928338054,39.20846852427686,38.49890179933861,39.026283264160156,5609900,0.0,0
2021-04-13,39.08381208491094,39.553663270168954,38.93039196156992,39.23723220825195,7243600,0.0,0
2021-04-14,38.90642175885419,39.109701682305136,38.02904872472327,38.61396408081055,10340200,0.0,0
2021-04-15,38.67150012983972,39.441475829361465,38.642731340728325,39.36188888549805,6743000,0.0,0
2021-04-16,39.46736207054346,39.764615143609525,39.08860536154484,39.313941955566406,8150500,0.0,0
2021-04-19,39.18929076120576,39.65914196631389,38.791359699925515,39.2660026550293,6512900,0.0,0
2021-04-20,39.160527134250984,39.381068350728924,38.767387807864296,39.34271240234375,5857500,0.0,0
2021-04-21,39.093399127629866,39.92762073918018,39.093399127629866,39.87009048461914,6706500,0.0,0
2021-04-22,39.76461748291974,39.783795455648104,39.12216819890468,39.285179138183594,5643400,0.0,0
2021-04-23,38.77697604015581,38.9591649711197,38.537256842845146,38.74821090698242,4725400,0.0,0
2021-04-26,38.71944407080023,38.93039446783454,38.24959285529408,38.4797248840332,7078400,0.0,0
2021-04-27,38.57560943319356,38.863271713352276,38.41739389886775,38.45095443725586,3999400,0.0,0
2021-04-28,38.60437306876357,38.81532710636134,38.31671079974565,38.470130920410156,7411400,0.0,0
2021-04-29,38.604369728743364,40.253638626561454,38.50848353330812,39.97077178955078,7898400,0.0,0
2021-04-30,39.611199916105114,39.88927139405713,39.08381477658942,39.59202194213867,7664100,0.0,0
2021-05-03,39.81255997714888,40.56048261299878,39.80296916201919,40.26323318481445,6138100,0.0,0
2021-05-04,40.359118156078445,40.7330794625778,40.16734209541044,40.61801528930664,6947600,0.0,0
2021-05-05,40.50295427665887,40.76184777226554,40.16734522984478,40.72349548339844,4729700,0.0,0
2021-05-06,40.99197646264494,41.42347168329023,40.800200402599906,41.34675979614258,5286100,0.0,0
2021-05-07,41.27963832156555,41.80701973818242,41.030332006413154,41.69195556640625,5148100,0.0,0
2021-05-10,41.739903339628064,42.43988292118985,41.634426312930835,41.826202392578125,5437600,0.0,0
2021-05-11,41.92208934746478,42.05633149653986,40.87691362674908,41.47621154785156,5816700,0.0,0
2021-05-12,41.36594138548549,41.835792590794284,41.0782790991732,41.15498733520508,4770500,0.0,0
2021-05-13,41.05909819568492,42.23851604587779,41.02553765897381,42.017974853515625,5056200,0.0,0
2021-05-14,42.1905759268262,42.59809780364543,41.9220916141593,41.931678771972656,3295100,0.0,0
2021-05-17,42.190574440291144,42.281668896518276,41.67373849879305,41.99879837036133,3203000,0.0,0
2021-05-18,42.19057173826803,42.27687078131836,41.87414069447547,41.888526916503906,3687500,0.0,0
2021-05-19,41.73031236157961,41.81661140662965,41.44265009735417,41.778255462646484,3892600,0.0,0
2021-05-20,41.6727786852224,42.19057295849997,41.62004017639834,42.06591796875,4203800,0.0,0
2021-05-21,42.027565245654586,42.37275776642851,41.97961848698609,42.31522750854492,3716300,0.0,0
2021-05-24,42.44947074269488,43.10150717280792,42.43029277030047,42.68918991088867,4282700,0.0,0
2021-05-25,42.73713041401843,42.79466432770289,42.104271994785385,42.33440399169922,4665300,0.0,0
2021-05-26,42.35358362274633,42.454268898791526,42.113864439032824,42.36317443847656,3085900,0.0,0
2021-05-27,42.4696142163287,42.65346772507556,41.81162034461741,42.02450180053711,5817600,0.4,0
2021-05-28,41.99547148194193,42.460904172721136,41.99547148194193,42.1793212890625,3133000,0.0,0
2021-06-01,42.30511416670648,42.60507943984327,42.20834819856215,42.430904388427734,3496800,0.0,0
2021-06-02,42.54702387185495,42.788933257178215,42.30414738052956,42.66313934326172,3525100,0.0,0
2021-06-03,42.55670110404519,42.60508224568146,42.159969836636584,42.56637954711914,4312200,0.0,0
2021-06-04,42.75990208016899,42.900209968112826,42.30995047098509,42.53734588623047,3091700,0.0,0
2021-06-07,42.4599380493164,42.672815806897106,42.130941124425036,42.459938049316406,4285800,0.0,0
2021-06-08,42.411555454121675,42.50831773231783,42.220928524508345,42.3631706237793,3523700,0.0,0
2021-06-09,41.71485958418206,42.19867840804639,41.54068451229132,41.647125244140625,5710900,0.0,0
2021-06-10,41.618091599236024,41.898707389454195,41.53100406748709,41.560035705566406,3195000,0.0,0
2021-06-11,41.52713290622159,42.08739365242522,41.52713290622159,42.01482009887695,5078600,0.0,0
2021-06-14,41.947089001672076,41.947089001672076,40.7472204299471,41.434242248535156,7227500,0.0,0
2021-06-15,41.501976478929976,41.59874245462221,41.15362634892701,41.376182556152344,5992400,0.0,0
2021-06-16,41.22136048238702,41.29877326255788,40.51498547392824,40.55369186401367,4601100,0.0,0
2021-06-17,40.53433682983498,40.53433682983498,39.7699022709322,39.992462158203125,7362500,0.0,0
2021-06-18,39.837638855839934,39.94407958413739,38.961927995065594,39.18932342529297,8795500,0.0,0
2021-06-21,39.2764094610043,39.60540638536116,39.025792420768134,39.508644104003906,5012800,0.0,0
2021-06-22,39.61024393513194,39.61024393513194,39.19899502860847,39.237701416015625,3341800,0.0,0
2021-06-23,39.23189399032492,39.237700317397845,38.82161589253165,38.84096908569336,3559000,0.0,0
2021-06-24,38.918382738435675,39.208673259937484,38.48294511056085,39.06352615356445,4986600,0.0,0
2021-06-25,39.09256066032319,39.47477426543422,38.95708829517938,39.373172760009766,3569300,0.0,0
2021-06-28,39.4360674070395,39.66829834030195,39.30543427724076,39.55702209472656,3837100,0.0,0
2021-06-29,39.489291279104656,39.692494286603534,39.097395546077436,39.2667350769043,2874900,0.0,0
2021-06-30,39.2086781330126,39.66346901101075,39.18932493700792,39.460262298583984,4348500,0.0,0
2021-07-01,39.600565504969786,39.600565504969786,39.13609992967243,39.17964553833008,2816300,0.0,0
2021-07-02,39.17964858327754,39.286085620085906,38.91838598475978,39.07320785522461,2698200,0.0,0
2021-07-06,39.27641075818411,39.27641075818411,37.95074826533614,38.3668327331543,6371100,0.0,0
2021-07-07,38.279744046892176,38.74420964298888,38.241037657739675,38.56035614013672,4974400,0.0,0
2021-07-08,38.30876854754411,38.73452771619443,38.0958871175969,38.318443298339844,4303200,0.0,0
2021-07-09,38.3958571770276,38.710340109998256,38.34747603916539,38.65711975097656,4357600,0.0,0
2021-07-12,38.54100665161855,38.579709349541496,38.23135922952396,38.50230026245117,5298100,0.0,0
2021-07-13,38.30296303613883,38.511972355471634,37.728188330784654,37.89268493652344,5212500,0.0,0
2021-07-14,37.873334799937716,37.97977552576829,37.34113486202935,37.72819137573242,5292600,0.0,0
2021-07-15,37.612071368689186,38.27490443398,37.592718174310875,38.15394973754883,5314300,0.0,0
2021-07-16,38.2023275086194,38.28941503001894,37.99041687766843,38.02815246582031,4084800,0.0,0
2021-07-19,37.93139153672199,38.40553185460615,37.515307107663695,38.06686019897461,4266200,0.0,0
2021-07-20,38.20233279621066,38.61648305596558,38.01364375560252,38.12492370605469,4285800,0.0,0
2021-07-21,38.30103095199236,38.41134009926359,38.057187347764774,38.095890045166016,2973100,0.0,0
2021-07-22,37.99815811366995,37.99815811366995,37.43789369559715,37.544334411621094,3395400,0.0,0
2021-07-23,37.61207306358799,38.09589187111483,37.46692963607668,37.950748443603516,5025500,0.0,0
2021-07-26,37.95074494194328,38.43456370482886,37.8346257811549,38.24103546142578,3641700,0.0,0
2021-07-27,38.212007873179104,38.231357375580046,37.78624499547323,37.99912643432617,3565500,0.0,0
2021-07-28,37.883013693723065,37.950748030740385,37.41854439525501,37.66045379638672,3461100,0.0,0
2021-07-29,37.89268472106661,37.92171266515095,37.53949540598247,37.718509674072266,3204100,0.0,0
2021-07-30,37.76689221056041,37.960420457862604,37.13309079960891,37.22501754760742,4858900,0.0,0
2021-08-02,37.34597301829225,37.52498360549715,37.13793079407879,37.331459045410156,4207700,0.0,0
2021-08-03,37.350808833216675,37.8491452838491,37.16695902323446,37.679805755615234,4772200,0.0,0
2021-08-04,37.10890248059493,37.31210919287675,35.5026241257995,35.74453353881836,11007800,0.0,0
2021-08-05,35.85097427114581,36.09288368416467,35.231686764416686,35.74453353881836,9560300,0.0,0
2021-08-06,36.02514840048471,36.27673625053342,35.802592189284454,35.99612045288086,8639400,0.0,0
2021-08-09,36.18964948659297,36.34447136251578,35.74453336347578,36.102561950683594,5585000,0.0,0
2021-08-10,36.117073546635645,36.38317166738279,35.773562647402066,36.257381439208984,5581200,0.0,0
2021-08-11,36.43155299172628,36.847637407916864,36.27673114090495,36.54766845703125,4244200,0.0,0
2021-08-12,36.61540552866001,36.6637866685573,36.15093994140625,36.15093994140625,3194000,0.0,0
2021-08-13,36.25738304670919,36.79925775516095,36.160617069310945,36.64443588256836,3556000,0.0,0
2021-08-16,36.630887871691435,37.02181281094451,36.470259676343325,36.779903411865234,4530100,0.0,0
2021-08-17,36.760552577726244,36.760552577726244,36.29608330000984,36.68313980102539,4555500,0.0,0
2021-08-18,36.62507917673125,36.65411081279047,35.73485441745925,35.754207611083984,4786400,0.0,0
2021-08-19,35.580036268786216,35.81226723400363,35.454242342734084,35.63809585571289,4789600,0.0,0
2021-08-20,35.51230094868263,35.60906323297618,35.086538038804086,35.41553497314453,3688200,0.0,0
2021-08-23,35.50262003037536,35.67195955295007,35.280063839020464,35.45423889160156,3348200,0.0,0
2021-08-24,35.5219750344375,35.55100667217674,35.19297810626704,35.36715316772461,3250000,0.0,0
2021-08-25,35.43488647284574,35.58003358358595,35.091375581421225,35.5606803894043,4319100,0.0,0
2021-08-26,35.56068091976614,35.62841525478995,34.859145153629065,34.902687072753906,4474000,0.0,0
2021-08-27,34.86398042835443,35.29457885124114,34.651102673229886,35.20265579223633,3661500,0.0,0
2021-08-30,35.11556918867834,35.251037861302954,34.922040931538405,34.95106887817383,4600700,0.0,0
2021-08-31,35.0097772998195,35.34148047150936,34.77494577243931,35.21525955200195,6883300,0.4,0
2021-09-01,35.34245733610607,35.6164324198512,35.16144215019166,35.3228874206543,4678900,0.0,0
2021-09-02,35.41094908170475,35.601751085749925,35.08316140630196,35.29353332519531,6427700,0.0,0
2021-09-03,35.293532066165135,35.41094781848598,34.98042090492323,35.05870056152344,5550300,0.0,0
2021-09-07,34.93150051839363,34.99999335659485,34.61838933445096,34.89236068725586,5359300,0.0,0
2021-09-08,34.93149798837459,36.60468645624118,34.84441317680334,36.26222229003906,11755600,0.0,0
2021-09-09,36.12523463976269,36.25243722161528,35.6066449536724,35.772987365722656,7644400,0.0,0
2021-09-10,35.704494890331745,35.802340734236004,35.39137997816279,35.54793930053711,4071700,0.0,0
2021-09-13,35.78277211388566,36.340501655999006,35.76320219788066,35.85126495361328,4777500,0.0,0
2021-09-14,35.95889560876818,36.05185177143401,35.25439360241582,35.430519104003906,4371600,0.0,0
2021-09-15,35.33462701484268,35.58707255662592,35.15654565221677,35.440303802490234,6179700,0.0,0
2021-09-16,35.45987670317291,35.90018673524869,35.254394457947214,35.75341796875,4102100,0.0,0
2021-09-17,35.675139910347966,36.00782102163956,35.401168547841905,35.76320266723633,11784900,0.0,0
2021-09-20,35.587074690684474,35.841479851902655,34.99509876190546,35.430519104003906,6614500,0.0,0
2021-09-21,35.39138067635631,35.7680950212368,35.053809895421296,35.16633224487305,3880100,0.0,0
2021-09-22,35.59685984209578,35.812121430806364,35.16632919951574,35.35224151611328,3977900,0.0,0
2021-09-23,35.420737234151694,35.85126417922298,35.39040255859623,35.52836990356445,4047300,0.0,0
2021-09-24,35.56750384796376,35.885508424901225,35.49901101386394,35.60664367675781,3393600,0.0,0
2021-09-27,35.724060921184986,36.375724540737075,35.63599816901363,36.046958923339844,4869200,0.0,0
2021-09-28,35.9980379788028,36.31114917425878,35.410951687887916,35.831695556640625,7260000,0.0,0
2021-09-29,35.75341660615173,36.976508276592774,35.67513694760532,36.722103118896484,6387900,0.0,0
2021-09-30,36.7905936722694,36.829733499115356,36.007815798246945,36.02738571166992,4731100,0.0,0
2021-10-01,36.22308484486189,36.24265476030087,35.76320116349506,35.890403747558594,4151800,0.0,0
2021-10-04,35.88844802987115,36.49705635254375,35.88844802987115,36.095882415771484,6787000,0.0,0
2021-10-05,36.0371754734581,36.423669164197165,36.00781873463996,36.27200698852539,3776100,0.0,0
2021-10-06,36.07631178069729,36.585118376407934,35.82191034913179,36.54597854614258,3623600,0.0,0
2021-10-07,36.69274868059628,36.95204350739312,36.20351203152166,36.28179168701172,4244700,0.0,0
2021-10-08,36.27200507163295,36.47748356960267,35.91486440600645,35.98824691772461,3156000,0.0,0
2021-10-11,36.10566640163254,36.61936264655684,35.968677003739955,35.98824691772461,4466500,0.0,0
2021-10-12,35.902143775287456,36.25243515764829,35.74362859178558,35.98824691772461,4657000,0.0,0
2021-10-13,36.02738622840093,36.21818822128742,35.538149583547494,36.007816314697266,3918000,0.0,0
2021-10-14,36.193731733550976,36.59001225545265,36.14480507880484,36.457916259765625,4014300,0.0,0
2021-10-15,36.614471640356626,36.73286906785516,36.056742119181145,36.18394470214844,4214700,0.0,0
2021-10-18,35.939329022870474,36.36496631323115,35.844416979696206,36.08610153198242,3025300,0.0,0
2021-10-19,36.115450668410986,36.19373032689873,35.53815125109232,36.01760482788086,3848900,0.0,0
2021-10-20,35.949114731376284,36.252439099672785,35.79255913505491,36.12523651123047,3493300,0.0,0
2021-10-21,36.00781982304832,36.09588257700534,35.215258770014934,35.59686279296875,5243700,0.0,0
2021-10-22,35.547939870232575,35.968679991827486,35.51858313052707,35.59686279296875,3408000,0.0,0
2021-10-25,35.5968593797826,35.699598627451394,35.244608397729934,35.440303802490234,5690900,0.0,0
2021-10-26,35.56750441927807,36.07631100403497,35.43051874887806,35.65556716918945,8539700,0.0,0
2021-10-27,36.24265455003696,36.38942331610828,34.8238674158694,35.616432189941406,7886300,0.0,0
2021-10-28,35.51858046842128,35.743628882204185,35.11740655992489,35.694705963134766,5816100,0.0,0
2021-10-29,35.528365650618554,35.83168997438516,35.009772281215625,35.11740493774414,6246900,0.0,0
2021-11-01,35.107622623409874,35.99313975474675,35.01955987817454,35.93932342529297,5043900,0.0,0
2021-11-02,35.949110616337805,36.374744112181894,35.70155475180094,36.28179168701172,5516100,0.0,0
2021-11-03,36.38941921881599,36.702530363608794,36.164370816782366,36.61446762084961,4854400,0.0,0
2021-11-04,36.56554887597325,36.70253455087592,36.04695918310465,36.38942337036133,3792800,0.0,0
2021-11-05,36.68296839912362,37.37768359819166,36.64382856838127,37.02543258666992,8470700,0.0,0
2021-11-08,37.13306694679147,37.226019383315055,36.27200929412649,36.39921188354492,5064100,0.0,0
2021-11-09,36.350286859975114,36.59979487961253,36.20351436276986,36.54597854614258,4083300,0.0,0
2021-11-10,36.75635065604665,37.02543232477234,36.40899305896965,36.68296813964844,4392000,0.0,0
2021-11-11,36.62425815373137,36.74167391177805,36.418779644004765,36.47748565673828,3380400,0.0,0
2021-11-12,36.50684403615468,36.741675562800424,36.25243886094535,36.41878128051758,4522600,0.0,0
2021-11-15,36.47748432579656,36.92562528737083,36.44323790875833,36.81016540527344,5967000,0.0,0
2021-11-16,36.88844513896255,37.152633384908185,36.18883656152676,36.242652893066406,5228500,0.0,0
2021-11-17,36.25243722161528,36.3404999732702,35.626214868771235,35.772987365722656,6974200,0.0,0
2021-11-18,34.69666718980993,34.81408668974001,34.011735037204254,34.608604431152344,21735600,0.0,0
2021-11-19,34.5596804196534,34.80429877128321,34.22699931213366,34.57925033569336,8973800,0.0,0
2021-11-22,34.54010900319175,35.00977577000909,34.47161616631712,34.706451416015625,22906700,0.0,0
2021-11-23,34.9510700189343,35.28375111449541,34.8434373508734,35.04891586303711,9909400,0.0,0
2021-11-24,34.8411143136447,34.95985982686057,34.49478267026128,34.82132339477539,7058200,0.4,0
2021-11-26,34.53436566571554,34.88069732070924,34.178136663589484,34.4650993347168,7366800,0.0,0
2021-11-29,34.544257981401564,34.63331522869319,33.970336434758046,34.415618896484375,8750700,0.0,0
2021-11-30,34.27708509904362,34.33645785350649,33.15397786059225,33.257877349853516,15110300,0.0,0
2021-12-01,33.604209447695396,33.95054485811072,32.476153520346834,32.535526275634766,12204500,0.0,0
2021-12-02,32.64437507993377,33.11934580735834,32.44152099310326,32.901649475097656,8715100,0.0,0
2021-12-03,32.99070708788711,33.43599332938429,32.956073923255765,33.28756332397461,8062700,0.0,0
2021-12-06,33.53494504356465,34.28203621450195,33.51515412400046,33.91096496582031,9646000,0.0,0
2021-12-07,33.92085902791608,34.227612623491346,33.7229573788812,34.1484489440918,8188100,0.0,0
2021-12-08,33.643793367007,33.6932687787768,32.79280269553148,32.80270004272461,17293500,0.0,0
2021-12-09,32.70374486276786,33.21829744043195,32.67406037118036,33.119346618652344,5900900,0.0,0
2021-12-10,33.079763109363256,33.80211464112147,33.030287700972195,33.79222106933594,7036500,0.0,0
2021-12-13,33.79222224345859,34.356250223123745,33.63389866626717,34.1187629699707,8376700,0.0,0
2021-12-14,34.019811844424105,34.77184788565088,34.019811844424105,34.415618896484375,9743700,0.0,0
2021-12-15,34.27708490180146,34.633313877065476,34.217715922411884,34.51457214355469,6108200,0.0,0
2021-12-16,34.57394106078452,35.736633901495225,34.47004157230792,35.62283706665039,11056600,0.0,0
2021-12-17,35.68221079385016,36.058226922002255,35.098391908345675,35.137969970703125,13626700,0.0,0
2021-12-20,34.89058864593674,34.959858747205985,34.53930834000152,34.90048599243164,8542200,0.0,0
2021-12-21,34.92027870744932,35.01922952909953,34.54425879066111,34.63331604003906,5432500,0.0,0
2021-12-22,34.63331644189904,34.83122186222771,34.31666927926595,34.742164611816406,5468800,0.0,0
2021-12-23,34.888610955435496,35.08354942567799,34.821322587785616,34.88069534301758,3735700,0.0,0
2021-12-27,34.79163944098132,35.068704759965634,34.56404953256822,35.05881118774414,3252900,0.0,0
2021-12-28,34.92027835335218,35.50409725452496,34.88069651520071,35.48430633544922,3597500,0.0,0
2021-12-29,35.52388695733983,35.6723131832283,35.41998369206667,35.43482971191406,2758300,0.0,0
2021-12-30,35.47440790468606,35.62283790585314,35.256715350967866,35.286399841308594,3561200,0.0,0
2021-12-31,35.18744956456131,35.573363043849625,35.12312813485873,35.523887634277344,3805900,0.0,0
2022-01-03,35.47440894837337,35.79105610376289,35.268587919897,35.76137161254883,5957600,0.0,0
2022-01-04,35.89990326445926,36.83005756022228,35.76137060970267,36.5233039855957,7887600,0.0,0
2022-01-05,36.68162769071957,36.94879942930995,36.36498054307137,36.374874114990234,7096900,0.0,0
2022-01-06,36.681628682427494,36.94385175478191,36.41445693661399,36.44414520263672,6045400,0.0,0
2022-01-07,36.4045638151475,37.027960788365355,36.30560921839965,36.95869445800781,4915000,0.0,0
2022-01-10,37.06754059931777,37.34460968032301,36.73110253824345,36.968589782714844,8565700,0.0,0
2022-01-11,37.10910295953118,37.275342154782585,36.5134125098803,37.19618225097656,5556300,0.0,0
2022-01-12,37.18628692153255,37.25555324961458,36.80036966899181,36.909217834472656,4793900,0.0,0
2022-01-13,36.85974336460541,37.45345584179355,36.83005887316556,37.25555419921875,6287000,0.0,0
2022-01-14,37.225866557429434,37.72062822162872,36.97848572532979,37.62167739868164,5354500,0.0,0
2022-01-18,37.57220053832933,37.68104870421282,36.67173449520014,37.03785705566406,7062200,0.0,0
2022-01-19,37.146706210844954,37.2951324434948,36.68657771763983,36.83005905151367,5076500,0.0,0
2022-01-20,36.97848365500218,37.16649549270006,36.56585263134923,36.67173385620117,5274100,0.0,0
2022-01-21,36.820160893933384,37.25060488607906,36.51341108837074,36.612361907958984,7544700,0.0,0
2022-01-24,36.572778873128534,36.80036877051746,35.14786673414633,36.008750915527344,12053700,0.0,0
2022-01-25,35.751478981931854,36.023595632934835,35.28640180876014,35.83063888549805,7115700,0.0,0
2022-01-26,35.810848416755455,36.49362193911072,35.47935900285566,35.66242218017578,7220400,0.0,0
2022-01-27,35.761370397600196,36.59751876921982,35.58325590690333,35.71189498901367,6138800,0.0,0
2022-01-28,35.424932868790734,35.692104608864945,34.900486735347904,35.67231369018555,7069800,0.0,0
2022-01-31,35.33587713669837,35.57336439629877,34.83122190030394,35.42493438720703,10230800,0.0,0
2022-02-01,35.276505578040705,35.83063618544282,35.078600171940664,35.7514762878418,5978100,0.0,0
2022-02-02,35.8662606233479,36.12749471919266,35.37545865756424,35.99885940551758,7375900,0.0,0
2022-02-03,36.07505214386592,36.26603092840367,35.37050976339357,35.464515686035156,7982900,0.0,0
2022-02-04,35.23692352094574,35.46451341537775,34.33645751483139,34.38593292236328,12949000,0.0,0
2022-02-07,34.4373886249236,34.64320965597954,34.069288095167465,34.35625076293945,6537000,0.0,0
2022-02-08,34.48488684033356,34.75205859472352,34.286985192399044,34.573944091796875,5424900,0.0,0
2022-02-09,34.70258115326676,34.91532880961326,34.47993992499494,34.583839416503906,5993700,0.0,0
2022-02-10,34.44530819561064,34.62342269553827,33.83674969173593,33.930755615234375,6823500,0.0,0
2022-02-11,33.99507105146292,34.58383859746864,33.9010651341056,34.36614227294922,7097800,0.0,0
2022-02-14,34.435410531506506,34.59373411056989,33.71305896610908,34.22761154174805,7007300,0.0,0
2022-02-15,34.356251303336656,34.59175682968303,34.1088704702763,34.31666946411133,7912500,0.0,0
2022-02-16,34.93215084624555,36.760793316897846,34.68279205354695,36.23634338378906,14217200,0.0,0
2022-02-17,36.14233860950341,37.44850901174079,35.91969361099124,37.39408493041992,14990500,0.0,0
2022-02-18,37.46335160431831,38.68541344666541,37.423769767584645,38.057064056396484,14464500,0.0,0
2022-02-22,37.944260139862145,40.01631985294654,37.661257177968935,39.976741790771484,21506600,0.0,0
2022-02-23,40.02621746267413,40.151885832211,39.432501229364455,39.67988204956055,13844200,0.0,0
2022-02-24,39.01690335885462,39.26428417965653,37.720626498949215,38.571617126464844,12733700,0.0,0
2022-02-25,38.76952180950697,39.67493650256326,38.76952180950697,39.313758850097656,7638900,0.0,0
2022-02-28,38.47266684743676,38.87837124825073,38.34402776189131,38.809104919433594,7291600,0.0,0
2022-03-01,38.57161743232104,38.82889560184491,37.977904967581296,38.27476119995117,6808100,0.0,0
2022-03-02,38.22528615550852,38.898162301831796,37.809684406435046,38.660675048828125,7331700,0.0,0
2022-03-03,38.908055267130834,39.64030415896757,38.88826434846154,39.531455993652344,9223100,0.0,0
2022-03-04,39.03669394863214,39.74914813972214,38.72994037451851,39.422607421875,6585500,0.0,0
2022-03-07,39.07627725284415,40.44181670563502,38.848683569313806,39.72936248779297,9906700,0.0,0
2022-03-08,39.48593701991282,40.03611173203015,38.200546467167364,38.25497055053711,8977400,0.0,0
2022-03-09,38.700255723074946,38.87837021378887,37.68104796211434,37.779998779296875,10448500,0.0,0
2022-03-10,37.5099983215332,37.84000015258789,37.150001525878906,37.540000915527344,5216500,0.4,0
2022-03-11,37.72999954223633,38.17499923706055,37.32500076293945,37.36000061035156,4722600,0.0,0
2022-03-14,37.54999923706055,37.959999084472656,37.31999969482422,37.689998626708984,6295200,0.0,0
2022-03-15,37.72999954223633,38.35499954223633,37.4900016784668,37.81999969482422,7324500,0.0,0
2022-03-16,37.7400016784668,37.810001373291016,37.15999984741211,37.68000030517578,5733900,0.0,0
2022-03-17,37.68000030517578,37.880001068115234,37.2400016784668,37.75,4390100,0.0,0
2022-03-18,37.41999816894531,37.66999816894531,37.07500076293945,37.619998931884766,9386500,0.0,0
2022-03-21,37.59000015258789,37.939998626708984,37.45000076293945,37.619998931884766,5030500,0.0,0
2022-03-22,37.84000015258789,37.97999954223633,37.53499984741211,37.95000076293945,5495500,0.0,0
2022-03-23,38.279998779296875,38.650001525878906,38.0,38.279998779296875,5893400,0.0,0
2022-03-24,38.27000045776367,38.72999954223633,38.111000061035156,38.630001068115234,4540000,0.0,0
2022-03-25,38.66999816894531,39.36000061035156,38.599998474121094,39.290000915527344,5057600,0.0,0
2022-03-28,39.34000015258789,39.41999816894531,38.7599983215332,39.38999938964844,3517200,0.0,0
2022-03-29,39.47999954223633,39.560001373291016,38.9900016784668,39.369998931884766,4974500,0.0,0
2022-03-30,39.27000045776367,39.40999984741211,38.88999938964844,39.400001525878906,4439200,0.0,0
2022-03-31,39.400001525878906,39.66999816894531,39.18000030517578,39.38999938964844,5208300,0.0,0
2022-04-01,39.51499938964844,39.959999084472656,39.08000183105469,39.93000030517578,4797800,0.0,0
2022-04-04,39.810001373291016,39.95000076293945,38.900001525878906,39.88999938964844,3980900,0.0,0
2022-04-05,39.93000030517578,40.2599983215332,39.4900016784668,39.59000015258789,5432700,0.0,0
2022-04-06,39.59000015258789,40.32500076293945,39.529998779296875,40.040000915527344,5481100,0.0,0
2022-04-07,40.13999938964844,41.9900016784668,39.81999969482422,40.310001373291016,8079000,0.0,0
2022-04-08,40.5,41.119998931884766,40.220001220703125,40.939998626708984,6555200,0.0,0
2022-04-11,41.29999923706055,41.65999984741211,40.97999954223633,41.25,7380400,0.0,0
2022-04-12,41.189998626708984,41.529998779296875,40.88999938964844,41.119998931884766,5058500,0.0,0
2022-04-13,41.04999923706055,42.060001373291016,41.04999923706055,42.0,8202900,0.0,0
2022-04-14,42.025001525878906,42.426998138427734,41.95000076293945,42.290000915527344,7309200,0.0,0
